x_m,y_m,width_left_m,width_right_m,vx_mps
-50.4222696,14.8223315,1.2778,0.75,13.809103
-50.4704319,14.9099392,1.2768895,0.7586382,13.8197843
-50.5184773,14.9976109,1.275979,0.7672763,13.8304146
-50.5664065,15.0853458,1.2750685,0.7759145,13.8409942
-50.6142206,15.1731432,1.274158,0.7845526,13.8515234
-50.6619206,15.2610024,1.2732476,0.7931908,13.8620023
-50.7095073,15.3489227,1.2723371,0.8018289,13.8724314
-50.7569818,15.4369033,1.2714266,0.8104671,13.8828109
-50.804345,15.5249436,1.2705161,0.8191053,13.8931411
-50.8515978,15.6130429,1.2696056,0.8277434,13.9034222
-50.8987413,15.7012004,1.2686951,0.8363816,13.9136545
-50.9457777,15.7894179,1.2691202,0.8353292,13.9238383
-50.9927071,15.877692,1.2695775,0.8340427,13.9339739
-51.0395309,15.9660219,1.2700349,0.8327562,13.9440616
-51.0862505,16.0544066,1.2704922,0.8314696,13.9541015
-51.1328674,16.1428452,1.2709495,0.8301831,13.964094
-51.1793829,16.2313369,1.2714069,0.8288966,13.9740394
-51.2257984,16.3198807,1.2718642,0.82761,13.9839378
-51.2721155,16.4084757,1.2723216,0.8263235,13.9937896
-51.3183354,16.4971211,1.2727789,0.825037,14.003595
-51.3644598,16.585816,1.2732363,0.8237504,14.0133542
-51.4104911,16.6745619,1.2723359,0.8271059,14.0230676
-51.4564297,16.7633556,1.2713683,0.8306913,14.0327354
-51.5022769,16.8521962,1.2704008,0.8342767,14.0423577
-51.5480342,16.9410828,1.2694332,0.8378621,14.051935
-51.5937031,17.0300147,1.2684656,0.8414475,14.0614673
-51.6392849,17.1189908,1.267498,0.8450329,14.070955
-51.6847812,17.2080105,1.2665305,0.8486183,14.0803983
-51.7301934,17.2970728,1.2655629,0.8522037,14.0897975
-51.7755229,17.386177,1.2645953,0.8557891,14.0991527
-51.8207712,17.4753222,1.2636277,0.8593745,14.1084643
-51.8659408,17.5645095,1.2633786,0.8580004,14.1177324
-51.911032,17.6537362,1.2631843,0.8562483,14.1269574
-51.9560464,17.7430014,1.2629899,0.8544963,14.1361393
-52.0009855,17.8323044,1.2627956,0.8527443,14.1452785
-52.0458507,17.9216443,1.2626012,0.8509923,14.1543752
-52.0906434,18.0110203,1.2624069,0.8492402,14.1634296
-52.1353652,18.1004317,1.2622125,0.8474882,14.172442
-52.1800176,18.1898776,1.2620181,0.8457362,14.1814125
-52.2246019,18.2793573,1.2618238,0.8439842,14.1903415
-52.2691197,18.3688699,1.2616294,0.8422321,14.199229
-52.313573,18.4584159,1.2620898,0.8474544,14.2080754
-52.3579627,18.5479932,1.2626184,0.8534037,14.2168809
-52.4022903,18.6376011,1.2631471,0.8593529,14.2256456
-52.4465573,18.7272389,1.2636757,0.8653021,14.2343698
-52.4907652,18.8169058,1.2642043,0.8712514,14.2430537
-52.5349155,18.906601,1.2647329,0.8772006,14.2516976
-52.5790096,18.9963238,1.2652616,0.8831499,14.2603015
-52.6230491,19.0860734,1.2657902,0.8890991,14.2688659
-52.6670354,19.1758489,1.2663188,0.8950483,14.2773907
-52.71097,19.2656498,1.2668474,0.9009976,14.2858764
-52.7548545,19.3554752,1.2657034,0.8974932,14.294323
-52.7986903,19.4453245,1.2643356,0.8927241,14.3027308
-52.8424789,19.5351967,1.2629678,0.8879549,14.3110999
-52.8862217,19.6250912,1.2616,0.8831858,14.3194307
-52.9299204,19.7150073,1.2602322,0.8784167,14.3277232
-52.9735764,19.8049442,1.2588644,0.8736476,14.3359777
-53.0171912,19.8949011,1.2574966,0.8688785,14.3441944
-53.0607663,19.9848774,1.2561288,0.8641094,14.3523734
-53.1043032,20.0748723,1.254761,0.8593403,14.3605151
-53.1478034,20.1648851,1.2533932,0.8545711,14.3686195
-53.1912678,20.2549138,1.253569,0.8563109,14.3766869
-53.2346986,20.344959,1.2539994,0.8591244,14.3847174
-53.2780971,20.4350199,1.2544298,0.8619378,14.3927113
-53.321465,20.5250957,1.2548603,0.8647512,14.4006687
-53.3648037,20.6151858,1.2552907,0.8675647,14.4085898
-53.4081147,20.7052894,1.2557211,0.8703781,14.4164749
-53.4513996,20.7954058,1.2561515,0.8731915,14.424324
-53.4946598,20.8855343,1.2565819,0.8760049,14.4321375
-53.5378968,20.9756741,1.2570124,0.8788184,14.4399154
-53.5811122,21.0658246,1.2574428,0.8816318,14.4476579
-53.6243063,21.1559827,1.2562606,0.8797388,14.4553653
-53.6674818,21.24615,1.2547593,0.8769144,14.4630377
-53.7106401,21.3363259,1.253258,0.8740901,14.4706753
-53.7537828,21.4265096,1.2517567,0.8712657,14.4782783
-53.7969114,21.5167004,1.2502554,0.8684414,14.4858468
-53.8400274,21.6068975,1.2487541,0.865617,14.4933811
-53.8831322,21.6971004,1.2472528,0.8627927,14.5008812
-53.9262275,21.7873083,1.2457515,0.8599683,14.5083474
-53.9693146,21.8775204,1.2442502,0.857144,14.5157799
-54.012395,21.967736,1.2427489,0.8543196,14.5231788
-54.0554688,22.0579511,1.2414473,0.8582032,14.5305442
-54.0985389,22.1481685,1.2401922,0.8636479,14.5378765
-54.1416068,22.2383872,1.2389371,0.8690927,14.5451756
-54.1846741,22.3286068,1.237682,0.8745374,14.5524419
-54.2277421,22.4188265,1.2364269,0.8799821,14.5596754
-54.2708124,22.5090456,1.2351718,0.8854268,14.5668763
-54.3138864,22.5992634,1.2339168,0.8908715,14.5740448
-54.3569656,22.6894792,1.2326617,0.8963163,14.5811811
-54.4000514,22.7796924,1.2314066,0.901761,14.5882853
-54.4431453,22.869902,1.2301515,0.9072057,14.5953576
-54.4862468,22.9601035,1.2289679,0.9115727,14.6023981
-54.5293594,23.0503002,1.2278036,0.915649,14.609407
-54.5724845,23.1404915,1.2266394,0.9197253,14.6163845
-54.6156238,23.2306766,1.2254751,0.9238016,14.6233307
-54.6587785,23.3208548,1.2243108,0.927878,14.6302457
-54.7019504,23.4110254,1.2231465,0.9319543,14.6371298
-54.7451407,23.5011877,1.2219822,0.9360306,14.643983
-54.788351,23.591341,1.220818,0.940107,14.6508056
-54.8315829,23.6814845,1.2196537,0.9441833,14.6575977
-54.8748376,23.7716175,1.2184894,0.9482596,14.6643594
-54.9181145,23.8617346,1.2173457,0.948624,14.671091
-54.9614173,23.95184,1.2162084,0.9478419,14.6777924
-55.0047471,24.0419329,1.215071,0.9470598,14.684464
-55.0481054,24.1320128,1.2139337,0.9462777,14.6911057
-55.0914934,24.222079,1.2127963,0.9454956,14.6977179
-55.1349126,24.3121308,1.211659,0.9447135,14.7043006
-55.1783642,24.4021676,1.2105216,0.9439314,14.710854
-55.2218495,24.4921887,1.2093843,0.9431493,14.7173782
-55.2653699,24.5821936,1.2082469,0.9423672,14.7238733
-55.3089265,24.6721813,1.2071096,0.9415851,14.7303396
-55.3525185,24.7621464,1.2042749,0.9412809,14.7367772
-55.3961495,24.8520933,1.2008451,0.9411443,14.7431861
-55.4398206,24.9420214,1.1974153,0.9410077,14.7495665
-55.4835331,25.03193,1.1939855,0.940871,14.7559187
-55.5272882,25.1218185,1.1905557,0.9407344,14.7622426
-55.5710872,25.2116862,1.1871259,0.9405978,14.7685385
-55.6149313,25.3015326,1.1836961,0.9404611,14.7748065
-55.6588217,25.3913569,1.1802663,0.9403245,14.7810467
-55.7027596,25.4811586,1.1768365,0.9401879,14.7872593
-55.7467462,25.5709367,1.1734067,0.9400512,14.7934444
-55.7907807,25.6606867,1.1705111,0.9444566,14.7996021
-55.8348663,25.7504121,1.1678266,0.9506563,14.8057325
-55.8790045,25.8401122,1.165142,0.956856,14.8118359
-55.9231963,25.9297864,1.1624574,0.9630557,14.8179123
-55.9674431,26.019434,1.1597728,0.9692555,14.8239619
-56.011746,26.1090543,1.1570883,0.9754552,14.8299847
-56.0561063,26.1986467,1.1544037,0.9816549,14.835981
-56.1005253,26.2882105,1.1517191,0.9878546,14.8419508
-56.1450041,26.377745,1.1490346,0.9940543,14.8478943
-56.1895439,26.4672494,1.14635,1.000254,14.8538116
-56.2341445,26.5567202,1.1435188,1.0047853,14.8597028
-56.2788087,26.6461596,1.1406228,1.0085782,14.8655681
-56.3235376,26.7355671,1.1377267,1.0123712,14.8714076
-56.3683325,26.8249418,1.1348307,1.0161641,14.8772214
-56.4131946,26.9142832,1.1319346,1.019957,14.8830096
-56.4581251,27.0035905,1.1290386,1.0237499,14.8887723
-56.5031251,27.092863,1.1261425,1.0275428,14.8945098
-56.5481961,27.1820999,1.1232465,1.0313357,14.900222
-56.593339,27.2713008,1.1203504,1.0351287,14.9059092
-56.6385552,27.3604646,1.1174544,1.0389216,14.9115714
-56.6838452,27.4495894,1.1129774,1.0403271,14.9172087
-56.7292108,27.5386759,1.1077204,1.0405548,14.9228214
-56.7746532,27.6277233,1.1024634,1.0407825,14.9284094
-56.8201738,27.716731,1.0972064,1.0410102,14.933973
-56.8657736,27.8056982,1.0919494,1.0412378,14.9395122
-56.9114539,27.8946242,1.0866924,1.0414655,14.9450271
-56.9572158,27.9835082,1.0814354,1.0416932,14.9505179
-57.0030607,28.0723495,1.0761785,1.0419208,14.9559847
-57.0489895,28.1611474,1.0709215,1.0421485,14.9614276
-57.0950037,28.2499012,1.0656645,1.0423762,14.9668467
-57.1411044,28.3386103,1.0603434,1.0473288,14.9722421
-57.1872928,28.4272738,1.0549873,1.0548705,14.9776139
-57.23357,28.5158909,1.0496312,1.0624121,14.9829623
-57.2799372,28.6044609,1.0442751,1.0699537,14.9882874
-57.3263956,28.6929829,1.038919,1.0774954,14.9935892
-57.3729463,28.7814562,1.0335629,1.085037,14.9988679
-57.4195905,28.86988,1.0282068,1.0925787,15
-57.4663294,28.9582536,1.0228507,1.1001203,15
-57.5131643,29.0465762,1.0174946,1.107662,15
-57.5600962,29.1348472,1.0121385,1.1152036,15
-57.6071274,29.2230676,1.006439,1.1240781,15
-57.654258,29.3112346,1.0005312,1.1337612,15
-57.7014891,29.3993475,0.9946233,1.1434442,15
-57.748822,29.4874055,0.9887155,1.1531273,15
-57.7962577,29.5754077,0.9828076,1.1628104,15
-57.8437974,29.6633534,0.9768998,1.1724934,15
-57.8914423,29.7512418,0.970992,1.1821765,15
-57.9391935,29.839072,0.9650841,1.1918596,15
-57.9870521,29.9268432,0.9591763,1.2015426,15
-58.0350195,30.0145549,0.9532684,1.2112257,15
-58.0830986,30.1022095,0.9461029,1.2172283,15
-58.1312886,30.1898027,0.9380947,1.2207652,15
-58.1795907,30.2773336,0.9300865,1.2243021,15
-58.2280059,30.3648015,0.9220783,1.227839,15
-58.2765354,30.4522054,0.9140701,1.2313758,15
-58.3251803,30.5395445,0.9060619,1.2349127,15
-58.3739417,30.626818,0.8980537,1.2384496,15
-58.4228208,30.714025,0.8900455,1.2419865,15
-58.4718186,30.8011647,0.8820374,1.2455234,15
-58.5209366,30.8882365,0.8740292,1.2490603,15
-58.5701782,30.9752441,0.8664553,1.2545405,15
-58.619542,31.0621817,0.8592021,1.2614558,15
-58.669029,31.1490486,0.8519489,1.2683712,15
-58.7186403,31.2358438,0.8446957,1.2752865,15
-58.7683772,31.3225664,0.8374426,1.2822018,15
-58.8182406,31.4092155,0.8301894,1.2891172,15
-58.8682316,31.4957902,0.8229362,1.2960325,15
-58.9183515,31.5822897,0.815683,1.3029478,15
-58.9686012,31.668713,0.8084298,1.3098632,15
-59.0189822,31.7550596,0.8011767,1.3167785,15
-59.0694984,31.8413338,0.7952871,1.3225187,15
-59.1201477,31.9275291,0.7905059,1.3273036,15
-59.1709311,32.0136447,0.7857248,1.3320886,15
-59.2218494,32.0996798,0.7809436,1.3368736,15
-59.2729037,32.1856334,0.7761624,1.3416585,15
-59.3240949,32.2715047,0.7713813,1.3464435,15
-59.3754239,32.3572928,0.7666001,1.3512284,15
-59.4268918,32.4429968,0.7618189,1.3560134,15
-59.4784994,32.5286158,0.7570378,1.3607984,15
-59.5302481,32.6141494,0.7522566,1.3655833,15
-59.5821418,32.699602,0.7503611,1.3702765,15
-59.634178,32.784967,0.751045,1.3748876,15
-59.6863574,32.8702437,0.7517288,1.3794988,15
-59.7386808,32.9554313,0.7524127,1.3841099,15
-59.791149,33.0405291,0.7530965,1.388721,15
-59.8437628,33.1255361,0.7537804,1.3933322,15
-59.8965229,33.2104516,0.7544642,1.3979433,15
-59.9494301,33.2952748,0.7551481,1.4025544,15
-60.0024851,33.380005,0.755832,1.4071655,15
-60.0556889,33.4646415,0.7565158,1.4117767,15
-60.1090449,33.5491876,0.7583193,1.4120989,15
-60.1625514,33.6336378,0.7612226,1.4082073,15
-60.2162097,33.717991,0.764126,1.4043158,15
-60.2700208,33.8022463,0.7670293,1.4004243,15
-60.323986,33.8864025,0.7699327,1.3965327,15
-60.3781064,33.9704584,0.7728361,1.3926412,15
-60.432383,34.054413,0.7757394,1.3887497,15
-60.4868172,34.1382652,0.7786428,1.3848582,15
-60.54141,34.2220139,0.7815462,1.3809666,15
-60.5961626,34.3056581,0.7844495,1.3770751,15
-60.6510773,34.3891982,0.7864861,1.3760199,15
-60.7061539,34.4726314,0.7875867,1.3780271,15
-60.7613937,34.5559566,0.7886873,1.3800344,15
-60.8167976,34.6391725,0.7897878,1.3820417,15
-60.8723669,34.722278,0.7908884,1.3840489,15
-60.9281025,34.805272,0.791989,1.3860562,15
-60.9840056,34.8881532,0.7930896,1.3880635,15
-61.0400773,34.9709205,0.7941902,1.3900707,15
-61.0963186,35.0535727,0.7952908,1.392078,15
-61.1527306,35.1361085,0.7963914,1.3940853,15
-61.2093137,35.2185257,0.7955791,1.3935278,15
-61.2660696,35.3008243,0.7924959,1.3899257,15
-61.3229994,35.3830029,0.7894127,1.3863237,15
-61.3801041,35.4650604,0.7863295,1.3827216,15
-61.4373849,35.5469954,0.7832463,1.3791196,15
-61.4948427,35.6288068,0.7801631,1.3755175,15
-61.5524785,35.7104932,0.7770799,1.3719155,15
-61.6102935,35.7920535,0.7739967,1.3683134,15
-61.6682886,35.8734863,0.7709135,1.3647114,15
-61.7264647,35.9547901,0.7678303,1.3611093,15
-61.78482,36.0359601,0.7653882,1.3592795,15
-61.843358,36.1169991,0.7637836,1.3597643,15
-61.9020793,36.1979062,0.762179,1.3602491,15
-61.9609844,36.2786804,0.7605744,1.3607339,15
-62.0200738,36.3593207,0.7589698,1.3612187,15
-62.0793482,36.439826,0.7573651,1.3617036,15
-62.1388079,36.5201953,0.7557605,1.3621884,15
-62.1984537,36.6004277,0.7541559,1.3626732,15
-62.2582859,36.680522,0.7525513,1.363158,15
-62.3183047,36.7604768,0.7509467,1.3636428,15
-62.378506,36.8402855,0.7504707,1.3641187,15
-62.4388935,36.9199546,0.7516188,1.3645818,15
-62.4994658,36.9994844,0.7527668,1.3650448,15
-62.5602218,37.0788754,0.7539148,1.3655079,15
-62.6211601,37.1581277,0.7550628,1.3659709,15
-62.6822796,37.2372416,0.7562109,1.3664339,15
-62.7435789,37.3162176,0.7573589,1.366897,15
-62.8050569,37.3950559,0.7585069,1.36736,15
-62.8667122,37.4737568,0.759655,1.3678231,15
-62.928543,37.5523199,0.760803,1.3682861,15
-62.990543,37.6307393,0.7625316,1.3677851,15
-63.0527162,37.7090228,0.7651821,1.3657535,15
-63.1150609,37.7871711,0.7678325,1.3637219,15
-63.1775754,37.8651848,0.770483,1.3616903,15
-63.2402582,37.9430647,0.7731335,1.3596586,15
-63.3031076,38.0208116,0.7757839,1.357627,15
-63.3661219,38.0984261,0.7784344,1.3555954,15
-63.4292996,38.175909,0.7810849,1.3535638,15
-63.4926389,38.253261,0.7837353,1.3515321,15
-63.5561378,38.3304821,0.7863858,1.3495005,15
-63.6197897,38.4075674,0.7896403,1.3467962,15
-63.6835985,38.4845241,0.7939556,1.3429107,15
-63.7475626,38.5613529,0.7982709,1.3390252,15
-63.8116803,38.6380547,0.8025862,1.3351397,15
-63.8759501,38.7146303,0.8069015,1.3312541,15
-63.9403705,38.7910805,0.8112168,1.3273686,15
-64.0049398,38.867406,0.8155321,1.3234831,15
-64.0696564,38.9436078,0.8198474,1.3195975,15
-64.1345189,39.0196865,0.8241627,1.315712,15
-64.1995252,39.0956425,0.828478,1.3118265,15
-64.2646695,39.1714718,0.8333668,1.3092444,15
-64.329955,39.2471806,0.8393724,1.3092013,15
-64.3953801,39.3227698,0.8453781,1.3091581,15
-64.4609433,39.3982402,0.8513838,1.309115,15
-64.5266431,39.4735926,0.8573894,1.3090718,15
-64.5924779,39.5488281,0.8633951,1.3090286,15
-64.6584462,39.6239473,0.8694008,1.3089855,15
-64.7245466,39.6989513,0.8754064,1.3089423,15
-64.7907775,39.7738409,0.8814121,1.3088992,15
-64.857137,39.8486164,0.8874177,1.308856,15
-64.9236207,39.9232757,0.8922325,1.3068131,15
-64.9902305,39.9978232,0.894465,1.3004342,15
-65.0569648,40.0722599,0.8966975,1.2940554,15
-65.1238221,40.1465868,0.89893,1.2876765,15
-65.1908011,40.2208047,0.9011625,1.2812976,15
-65.2579002,40.2949146,0.903395,1.2749188,15
-65.325118,40.3689174,0.9056275,1.2685399,15
-65.392453,40.4428141,0.90786,1.2621611,15
-65.4599037,40.5166056,0.9100925,1.2557822,15
-65.5274686,40.5902926,0.912325,1.2494033,15
-65.5951446,40.6638745,0.9146851,1.2455164,15
-65.6629321,40.7373541,0.9173546,1.2476707,15
-65.7308295,40.8107323,0.9200241,1.249825,15
-65.7988356,40.8840101,0.9226936,1.2519792,15
-65.8669488,40.9571887,0.9253631,1.2541335,15
-65.9351678,41.0302688,0.9280326,1.2562878,15
-66.0034911,41.1032516,0.9307021,1.258442,15
-66.0719173,41.176138,0.9333716,1.2605963,15
-66.140445,41.248929,0.9360411,1.2627505,15
-66.2090729,41.3216256,0.9387105,1.2649048,15
-66.2777996,41.3942289,0.9411302,1.2660098,15
-66.3466235,41.4667399,0.9428691,1.2642553,15
-66.4155435,41.5391596,0.944608,1.2625008,15
-66.484558,41.611489,0.9463469,1.2607463,15
-66.5536657,41.6837292,0.9480858,1.2589917,15
-66.6228653,41.7558812,0.9498247,1.2572372,15
-66.6921554,41.8279461,0.9515636,1.2554827,15
-66.7615346,41.899925,0.9533025,1.2537282,15
-66.8310015,41.9718188,0.9550414,1.2519737,15
-66.900555,42.0436288,0.9567803,1.2502191,15
-66.9701954,42.1153578,0.9575492,1.248024,15
-67.0399195,42.187005,0.9553265,1.2444696,15
-67.1097259,42.2585714,0.9531037,1.2409153,15
-67.1796134,42.3300582,0.950881,1.237361,15
-67.2495806,42.4014664,0.9486583,1.2338067,15
-67.3196262,42.4727972,0.9464355,1.2302524,15
-67.3897488,42.5440516,0.9442128,1.2266981,15
-67.4599473,42.6152308,0.9419901,1.2231438,15
-67.5302201,42.6863357,0.9397673,1.2195895,15
-67.6005663,42.757368,0.9375446,1.2160352,15
-67.6709878,42.8283317,0.9356975,1.2145845,15
-67.7414798,42.8992246,0.9351724,1.2205384,15
-67.8120409,42.9700478,0.9346473,1.2264923,15
-67.88267,43.0408024,0.9341223,1.2324462,15
-67.9533657,43.1114895,0.9335972,1.2384002,15
-68.0241267,43.1821104,0.9330722,1.2443541,15
-68.0949518,43.2526662,0.9325471,1.250308,15
-68.1658396,43.3231579,0.932022,1.256262,15
-68.236789,43.3935867,0.931497,1.2622159,15
-68.307799,43.4639543,0.9309719,1.2681698,15
-68.3788725,43.5342659,0.9303035,1.2732619,15
-68.4500038,43.6045181,0.9290531,1.2748554,15
-68.5211914,43.674712,0.9278028,1.2764489,15
-68.5924342,43.7448489,0.9265524,1.2780424,15
-68.6637309,43.8149298,0.925302,1.2796359,15
-68.7350803,43.8849561,0.9240517,1.2812294,15
-68.806481,43.9549288,0.9228013,1.2828229,15
-68.877932,44.0248492,0.9215509,1.2844164,15
-68.9494318,44.0947184,0.9203005,1.2860099,15
-69.0209799,44.1645381,0.9190502,1.2876034,15
-69.0925796,44.2343142,0.9172106,1.2887785,15
-69.1642246,44.3040427,0.9125746,1.2879677,15
-69.2359135,44.3737247,0.9079386,1.2871569,15
-69.3076451,44.4433616,0.9033027,1.2863462,15
-69.3794183,44.5129545,0.8986667,1.2855354,15
-69.4512318,44.5825046,0.8940307,1.2847247,15
-69.5230843,44.6520132,0.8893948,1.2839139,15
-69.5949747,44.7214814,0.8847588,1.2831031,15
-69.6669018,44.7909105,0.8801228,1.2822924,14.9799145
-69.7388649,44.8603022,0.8754869,1.2814816,14.8772709
-69.8108673,44.9296622,0.8711488,1.2819042,14.7739724
-69.8829028,44.9989867,0.8684929,1.2892919,14.6700121
-69.9549701,45.068277,0.865837,1.2966796,14.5653827
-70.0270681,45.1375343,0.8631812,1.3040673,14.4600767
-70.0991955,45.2067598,0.8605253,1.3114549,14.3540862
-70.1713512,45.2759548,0.8578694,1.3188426,14.2474031
-70.2435339,45.3451206,0.8552136,1.3262303,14.1400187
-70.3157425,45.4142583,0.8525577,1.333618,14.0319239
-70.3879759,45.4833691,0.8499018,1.3410056,13.9231093
-70.4602333,45.5524549,0.8472459,1.3483933,13.8135647
-70.5325172,45.6215204,0.8446277,1.3553292,13.7032766
-70.6048222,45.6905628,0.8422686,1.3591552,13.5922341
-70.6771472,45.7595835,0.8399094,1.3629812,13.4804258
-70.7494909,45.8285836,0.8375502,1.3668071,13.36784
-70.8218522,45.8975645,0.8351911,1.3706331,13.2544642
-70.8942299,45.9665274,0.8328319,1.3744591,13.1402852
-70.9666227,46.0354736,0.8304728,1.3782851,13.0252894
-71.0390296,46.1044044,0.8281136,1.382111,12.9094623
-71.1114492,46.173321,0.8257545,1.385937,12.7927888
-71.1838807,46.242225,0.8233953,1.389763,12.6752546
-71.256325,46.3111196,0.8210183,1.3934566,12.5568563
-71.3287786,46.3800038,0.8184865,1.3960011,12.437576
-71.4012405,46.4488788,0.8159546,1.3985455,12.3173951
-71.4737097,46.5177458,0.8134228,1.40109,12.1962938
-71.5461851,46.5866062,0.8108909,1.4036344,12.0742514
-71.6186655,46.6554612,0.8083591,1.4061789,11.9512459
-71.6911501,46.7243119,0.8058272,1.4087233,11.8272542
-71.7636377,46.7931596,0.8032954,1.4112678,11.7022521
-71.8361272,46.8620055,0.8007636,1.4138122,11.5762137
-71.9086175,46.9308508,0.7982317,1.4163567,11.4492603
-71.9811066,46.9996959,0.7957023,1.4188977,11.3216349
-72.0535939,47.0685433,0.7932005,1.4213995,11.1933006
-72.1260781,47.1373944,0.7906987,1.4239013,11.0642189
-72.1985577,47.2062507,0.7881969,1.4264031,10.9343493
-72.271031,47.2751138,0.7856952,1.4289048,10.8036496
-72.3434968,47.3439851,0.7831934,1.4314066,10.6720753
-72.4159535,47.4128661,0.7806916,1.4339084,10.5395797
-72.4883996,47.4817583,0.7781899,1.4364101,10.4061136
-72.5608336,47.5506633,0.7756881,1.4389119,10.2716251
-72.6332536,47.619582,0.7731863,1.4414137,10.1361478
-72.7056539,47.6885144,0.7707083,1.4438917,10.0002896
-72.7780321,47.7574704,0.7686307,1.4459693,9.8639766
-72.8503817,47.8264571,0.7665532,1.4480468,9.7271315
-72.9226964,47.8954819,0.7644756,1.4501244,9.5896736
-72.9949696,47.9645518,0.762398,1.452202,9.4515183
-73.067195,48.0336742,0.7603205,1.4542795,9.3125767
-73.1393659,48.1028562,0.7582429,1.4563571,9.1727552
-73.211476,48.1721051,0.7561653,1.4584347,9.0319551
-73.2835189,48.2414279,0.7540877,1.4605123,8.8900716
-73.3554881,48.3108322,0.7520102,1.4625898,8.7473626
-73.4273718,48.3803314,0.75,1.4646,8.6063966
-73.4991388,48.4499525,0.75,1.4645989,8.4670017
-73.5707557,48.519726,0.75,1.4645979,8.3290044
-73.642189,48.5896828,0.75,1.4645969,8.1922292
-73.7134055,48.6598533,0.75,1.4645958,8.0564968
-73.7843718,48.7302683,0.75,1.4645948,7.9216234
-73.8550546,48.8009584,0.75,1.4645937,7.7874195
-73.9254204,48.8719542,0.75,1.4645927,7.6536881
-73.9954359,48.9432864,0.75,1.4645917,7.5202237
-74.0650768,49.0149949,0.75,1.4645906,7.3871837
-74.1343563,49.0871736,0.7500625,1.4645227,7.256986
-74.2031431,49.159805,0.7571305,1.4569608,7.129397
-74.271367,49.2329409,0.7641985,1.449399,7.0041827
-74.3389577,49.306633,0.7712664,1.4418371,6.881106
-74.4058449,49.3809331,0.7783344,1.4342752,6.7599225
-74.4719584,49.4558928,0.7854024,1.4267134,6.640377
-74.5372279,49.5315638,0.7924703,1.4191515,6.5221995
-74.601583,49.6079979,0.7995383,1.4115897,6.4051002
-74.6649537,49.6852468,0.8066062,1.4040278,6.2887645
-74.7273137,49.7634187,0.8136742,1.3964659,6.1734973
-74.7887966,49.8428681,0.8207422,1.3889041,6.0631422
-74.8489494,49.9232821,0.8402172,1.3645998,5.9576907
-74.9075941,50.0046988,0.859878,1.3400449,5.8571739
-74.9645522,50.0871568,0.8795387,1.31549,5.7616531
-75.0196455,50.1706945,0.8991995,1.2909351,5.6712095
-75.0726957,50.2553502,0.9188602,1.2663802,5.5859319
-75.1235244,50.3411625,0.938521,1.2418253,5.5059021
-75.1719533,50.4281696,0.9581818,1.2172704,5.4311773
-75.2178041,50.51641,0.9778425,1.1927155,5.3617697
-75.2609663,50.6060684,0.9975033,1.1681606,5.2966317
-75.3014441,50.6975942,1.0171641,1.1436057,5.2320591
-75.338813,50.7903571,1.0436956,1.1104913,5.1681606
-75.3729371,50.8842858,1.0705012,1.0770357,5.1049903
-75.4036801,50.9793088,1.0973067,1.04358,5.0425341
-75.4309061,51.0753544,1.1241123,1.0101244,4.9806944
-75.4544791,51.1723512,1.1509178,0.9766687,4.9192709
-75.4742628,51.2702277,1.1777234,0.9432131,4.8579403
-75.4901213,51.3689123,1.2045289,0.9097574,4.796233
-75.5019185,51.4683335,1.2313345,0.8763018,4.733738
-75.5095094,51.5682608,1.2581401,0.8428461,4.6702171
-75.5127576,51.668381,1.2849456,0.8093905,4.6071134
-75.5115089,51.7686657,1.3047336,0.8019539,4.5460706
-75.5055787,51.8687827,1.3240582,0.7962356,4.4884642
-75.4947821,51.9683993,1.3433828,0.7905173,4.4357015
-75.4789343,52.0671831,1.3627074,0.784799,4.3892083
-75.4578504,52.1648016,1.382032,0.7790807,4.3503949
-75.4313457,52.2609223,1.4013566,0.7733624,4.3205945
-75.3992353,52.3552126,1.4206812,0.7676441,4.3009683
-75.3613345,52.4473401,1.4400058,0.7619258,4.2923716
-75.3177004,52.5365348,1.4593304,0.7562075,4.291661
-75.2685576,52.6224781,1.478655,0.7504892,4.2830484
-75.2140176,52.7055429,1.4388848,0.782439,4.288868
-75.1544568,52.7855505,1.3935864,0.8179126,4.3062646
-75.0902519,52.8623219,1.348288,0.8533863,4.332573
-75.0217796,52.9356784,1.3029896,0.8888599,4.3653448
-74.9494165,53.0054413,1.2576912,0.9243335,4.4023425
-74.8735393,53.0714317,1.2123928,0.9598071,4.4415167
-74.7945244,53.1334709,1.1670944,0.9952808,4.4809723
-74.7127486,53.1913801,1.1217961,1.0307544,4.5189321
-74.6283241,53.2451447,1.0764977,1.066228,4.5536992
-74.5414478,53.2947951,1.0311993,1.1017016,4.5896808
-74.4526419,53.3403813,1.0048656,1.1277207,4.6351739
-74.3620966,53.3821861,0.9808554,1.1525815,4.6906173
-74.2700022,53.4204921,0.9568452,1.1774422,4.7561108
-74.176549,53.4555822,0.932835,1.202303,4.8315301
-74.0819272,53.4877391,0.9088248,1.2271637,4.9166269
-73.9863272,53.5172456,0.8848146,1.2520244,5.0111112
-73.8899393,53.5443844,0.8608043,1.2768852,5.1059042
-73.7929537,53.5694384,0.8367941,1.3017459,5.1985993
-73.6956434,53.5926666,0.8127839,1.3266067,5.2893082
-73.5981128,53.6142651,0.7887737,1.3514674,5.378133
-73.5002944,53.6343593,0.7825075,1.3596324,5.4651668
-73.4022033,53.6530494,0.7789573,1.3652418,5.5504952
-73.3038548,53.6704355,0.775407,1.3708513,5.6341972
-73.2052643,53.686618,0.7718567,1.3764608,5.7163454
-73.1064469,53.7016968,0.7683064,1.3820702,5.7970073
-73.0074179,53.7157723,0.7647562,1.3876797,5.8762452
-72.9081926,53.7289446,0.7612059,1.3932892,5.9541174
-72.8087864,53.7413138,0.7576556,1.3988986,6.0306779
-72.7094874,53.7529473,0.7541053,1.4045081,6.1059773
-72.6102727,53.7639199,0.7505551,1.4101176,6.1800629
-72.5109273,53.7742941,0.75,1.4075382,6.252979
-72.4114681,53.7841037,0.75,1.4034414,6.3247673
-72.3119123,53.7933823,0.75,1.3993445,6.3954667
-72.2122769,53.8021636,0.75,1.3952477,6.4651143
-72.1125791,53.8104811,0.75,1.3911508,6.5337446
-72.0128359,53.8183686,0.75,1.3870539,6.6013906
-71.9130644,53.8258597,0.75,1.3829571,6.6680833
-71.8132817,53.8329881,0.75,1.3788602,6.733852
-71.7134764,53.8397887,0.75,1.3747634,6.7987247
-71.6136581,53.8462835,0.75,1.3706665,6.8627277
-71.5138481,53.8524834,0.7518701,1.3661697,6.9258862
-71.4140429,53.8584006,0.7541505,1.3615852,6.9882241
-71.3142389,53.8640474,0.756431,1.3570007,7.0497642
-71.2144323,53.8694361,0.7587114,1.3524162,7.1105281
-71.1146197,53.8745788,0.7609918,1.3478316,7.1705366
-71.0147974,53.8794878,0.7632723,1.3432471,7.2298093
-70.9149618,53.8841753,0.7655527,1.3386626,7.2883653
-70.8151092,53.8886536,0.7678331,1.334078,7.3462226
-70.7152547,53.8929339,0.7701136,1.3294935,7.4033985
-70.6153958,53.8970232,0.772394,1.324909,7.4599096
-70.5155177,53.9009242,0.77464,1.3217948,7.5157717
-70.4156225,53.9046386,0.7768772,1.3190564,7.5710001
-70.3157122,53.9081684,0.7791144,1.316318,7.6256096
-70.2157889,53.9115151,0.7813516,1.3135795,7.6796141
-70.1158545,53.9146808,0.7835888,1.3108411,7.7330271
-70.0159112,53.9176671,0.785826,1.3081027,7.7858618
-69.9159609,53.9204758,0.7880632,1.3053643,7.8381307
-69.8160057,53.9231088,0.7903004,1.3026258,7.8898458
-69.7160515,53.9255676,0.7925376,1.2998874,7.9410187
-69.6160991,53.9278528,0.7947747,1.297149,7.9916608
-69.516145,53.9299636,0.7994443,1.2949392,8.0417829
-69.4161891,53.9318993,0.8048288,1.2928849,8.0913954
-69.3162316,53.9336589,0.8102132,1.2908305,8.1405084
-69.2162726,53.9352417,0.8155976,1.2887761,8.1891317
-69.1163121,53.9366468,0.8209821,1.2867217,8.2372747
-69.0163503,53.9378734,0.8263665,1.2846673,8.2849467
-68.9163872,53.9389206,0.831751,1.282613,8.3321564
-68.816423,53.9397877,0.8371354,1.2805586,8.3789124
-68.7164546,53.9404737,0.8425198,1.2785042,8.425223
-68.6164824,53.9409785,0.8479043,1.2764498,8.4710963
-68.5165096,53.9413022,0.8547884,1.2754251,8.5165401
-68.4165367,53.9414452,0.8621744,1.2747449,8.5615618
-68.3165639,53.9414075,0.8695605,1.2740648,8.606169
-68.2165916,53.9411896,0.8769465,1.2733846,8.6503687
-68.1166202,53.9407917,0.8843325,1.2727045,8.6941678
-68.0166499,53.940214,0.8917186,1.2720243,8.737573
-67.9166811,53.9394568,0.8991046,1.2713442,8.7805909
-67.8167142,53.9385204,0.9064906,1.270664,8.8232279
-67.7167479,53.9374049,0.9138766,1.2699839,8.8654901
-67.6167827,53.9361113,0.9212627,1.2693037,8.9073835
-67.5168203,53.9346407,0.9254408,1.2676863,8.9489141
-67.4168609,53.9329945,0.9284062,1.2657146,8.9900874
-67.3169048,53.931174,0.9313716,1.2637429,9.030909
-67.2169522,53.9291804,0.934337,1.2617711,9.0713843
-67.1170035,53.927015,0.9373024,1.2597994,9.1115187
-67.0170589,53.9246793,0.9402678,1.2578277,9.1513171
-66.9171186,53.9221743,0.9432332,1.2558559,9.1907847
-66.8171829,53.9195015,0.9461987,1.2538842,9.2299263
-66.7172504,53.916662,0.9491641,1.2519125,9.2687466
-66.6173211,53.913657,0.9521295,1.2499407,9.3072504
-66.5173972,53.9104875,0.9555813,1.2467873,9.3454421
-66.4174791,53.9071545,0.9592396,1.2431323,9.3833261
-66.317567,53.9036588,0.9628979,1.2394774,9.4209068
-66.2176612,53.9000016,0.9665562,1.2358225,9.4581884
-66.117762,53.8961837,0.9702145,1.2321675,9.495175
-66.0178697,53.892206,0.9738728,1.2285126,9.5318707
-65.9179845,53.8880697,0.9775311,1.2248577,9.5682793
-65.8181068,53.8837755,0.9811894,1.2212027,9.6044048
-65.7182329,53.8793243,0.9848477,1.2175478,9.6402509
-65.6183631,53.8747171,0.988506,1.2138929,9.6758212
-65.5185013,53.8699552,0.9932291,1.2091642,9.7111194
-65.4186479,53.8650396,0.9984567,1.2039267,9.746149
-65.318803,53.8599715,1.0036844,1.1986892,9.7809134
-65.2189669,53.8547518,1.008912,1.1934517,9.8154161
-65.1191396,53.8493818,1.0141396,1.1882142,9.8496603
-65.0193214,53.8438624,1.0193673,1.1829767,9.8836492
-64.9195124,53.8381949,1.0245949,1.1777392,9.9173861
-64.819713,53.8323802,1.0298225,1.1725017,9.950874
-64.7199181,53.8264191,1.0350502,1.1672642,9.984116
-64.6201279,53.8203127,1.0402778,1.1620266,10.0171151
-64.5203476,53.8140625,1.0462246,1.1558907,10.0498741
-64.4205774,53.8076693,1.0525504,1.1492813,10.082396
-64.3208175,53.8011343,1.0588763,1.1426719,10.1146836
-64.221068,53.7944586,1.0652021,1.1360625,10.1467396
-64.1213292,53.7876433,1.071528,1.1294532,10.1785666
-64.021601,53.7806893,1.0778538,1.1228438,10.2101675
-63.9218838,53.7735978,1.0841797,1.1162344,10.2415447
-63.8221776,53.7663698,1.0905055,1.109625,10.2727009
-63.7224766,53.7590059,1.0968314,1.1030156,10.3036385
-63.6227803,53.7515072,1.1031572,1.0964062,10.33436
-63.5230954,53.7438752,1.1088552,1.089011,10.3648678
-63.4234221,53.7361109,1.1141865,1.0811569,10.3951643
-63.3237605,53.7282156,1.1195178,1.0733028,10.4252518
-63.2241106,53.7201901,1.1248491,1.0654486,10.4551325
-63.1244725,53.7120357,1.1301804,1.0575945,10.4848089
-63.0248464,53.7037534,1.1355117,1.0497404,10.5142829
-62.9252323,53.6953443,1.140843,1.0418863,10.543557
-62.8256304,53.6868094,1.1461742,1.0340321,10.572633
-62.7260338,53.6781492,1.1515055,1.026178,10.6015132
-62.6264418,53.6693648,1.1568368,1.0183239,10.6301996
-62.5268623,53.6604578,1.1599598,1.0105253,10.6586943
-62.4272952,53.6514293,1.1616571,1.0027627,10.6869992
-62.3277407,53.6422805,1.1633544,0.995,10.7151163
-62.2281986,53.6330124,1.1650517,0.9872374,10.7430475
-62.1286692,53.623626,1.166749,0.9794747,10.7707947
-62.0291525,53.6141226,1.1684463,0.9717121,10.7983597
-61.9296485,53.6045031,1.1701436,0.9639494,10.8257445
-61.8301573,53.5947686,1.1718409,0.9561867,10.8529508
-61.7306713,53.5849194,1.1735382,0.9484241,10.8799804
-61.6311899,53.5749566,1.1752355,0.9406614,10.9068351
-61.5317214,53.5648821,1.1797819,0.9344998,10.9335164
-61.4322658,53.5546968,1.1863573,0.9294783,10.9600263
-61.3328231,53.544402,1.1929326,0.9244568,10.9863663
-61.2333933,53.5339987,1.1995079,0.9194354,11.012538
-61.1339765,53.5234879,1.2060832,0.9144139,11.0385431
-61.0345726,53.5128708,1.2126586,0.9093924,11.0643832
-60.9351817,53.5021485,1.2192339,0.9043709,11.0900599
-60.8358038,53.491322,1.2258092,0.8993494,11.1155746
-60.736431,53.4803916,1.2323845,0.8943279,11.1409289
-60.6370625,53.4693581,1.2389599,0.8893064,11.1661244
-60.5377069,53.4582237,1.2429685,0.8848122,11.1911625
-60.4383642,53.4469895,1.2449642,0.8807315,11.2160446
-60.3390345,53.4356564,1.24696,0.8766508,11.2407722
-60.2397176,53.4242256,1.2489558,0.87257,11.2653466
-60.1404136,53.4126982,1.2509516,0.8684893,11.2897694
-60.0411224,53.4010753,1.2529473,0.8644086,11.3140419
-59.941844,53.3893579,1.2549431,0.8603279,11.3381654
-59.8425784,53.3775471,1.2569389,0.8562472,11.3621412
-59.7433177,53.3656431,1.2589346,0.8521664,11.3859708
-59.6440608,53.3536467,1.2609304,0.8480857,11.4096553
-59.5448167,53.3415602,1.2643797,0.8451292,11.4331961
-59.4455851,53.3293846,1.2690828,0.8431425,11.4565944
-59.346366,53.3171211,1.2737859,0.8411558,11.4798515
-59.2471593,53.3047706,1.278489,0.8391691,11.5029686
-59.147965,53.2923343,1.2831921,0.8371824,11.5259469
-59.048783,53.2798133,1.2878952,0.8351957,11.5487877
-58.9496133,53.2672087,1.2925983,0.833209,11.571492
-58.8504557,53.2545215,1.2973014,0.8312223,11.5940611
-58.7513027,53.2417519,1.3020045,0.8292355,11.6164962
-58.6521535,53.2289008,1.3067076,0.8272488,11.6387983
-58.5530161,53.2159704,1.3110489,0.8243744,11.6609686
-58.4538906,53.2029618,1.3150472,0.8206583,11.6830081
-58.3547768,53.189876,1.3190455,0.8169421,11.7049181
-58.2556746,53.1767142,1.3230438,0.8132259,11.7266995
-58.1565839,53.1634775,1.3270421,0.8095097,11.7483534
-58.0575045,53.1501668,1.3310404,0.8057935,11.7698809
-57.9584365,53.1367834,1.3350387,0.8020774,11.7912831
-57.8593796,53.1233282,1.339037,0.7983612,11.8125609
-57.7603273,53.1098016,1.3430354,0.794645,11.8337153
-57.6612788,53.0962042,1.3470337,0.7909288,11.8547474
-57.5622413,53.082538,1.3493768,0.7871913,11.8756581
-57.4632144,53.0688038,1.349995,0.7834316,11.8964485
-57.3641982,53.0550022,1.3506132,0.779672,11.9171194
-57.2651924,53.0411342,1.3512314,0.7759123,11.9376719
-57.1661971,53.0272005,1.3518496,0.7721526,11.9581068
-57.067212,53.0132019,1.3524678,0.7683929,11.9784252
-56.9682371,52.9991393,1.353086,0.7646332,11.9986279
-56.8692722,52.9850134,1.3537042,0.7608735,12.0187159
-56.7703126,52.9708244,1.3543224,0.7571138,12.0386899
-56.6713581,52.9565729,1.3549406,0.7533541,12.058551
-56.5724133,52.9422603,1.3555119,0.7514607,12.0783001
-56.4734781,52.9278871,1.3560294,0.7517051,12.0979378
-56.3745524,52.9134539,1.356547,0.7519495,12.1174652
-56.2756362,52.8989613,1.3570645,0.7521939,12.1368831
-56.1767293,52.8844098,1.3575821,0.7524383,12.1561923
-56.0778316,52.8698002,1.3580996,0.7526827,12.1753936
-55.9789431,52.855133,1.3586172,0.7529271,12.1944879
-55.8800636,52.8404087,1.3591347,0.7531715,12.213476
-55.7811906,52.8256276,1.3596522,0.7534159,12.2323586
-55.6823238,52.8107903,1.3601698,0.7536603,12.2511366
-55.5834659,52.7958977,1.3579244,0.7553904,12.2698107
-55.4846165,52.7809505,1.3521979,0.7589925,12.2883818
-55.3857758,52.7659492,1.3464713,0.7625945,12.3068505
-55.2869435,52.7508944,1.3407447,0.7661966,12.3252176
-55.1881196,52.7357867,1.3350181,0.7697987,12.343484
-55.089304,52.7206268,1.3292915,0.7734008,12.3616503
-54.9904965,52.7054152,1.323565,0.7770029,12.3797172
-54.8916972,52.6901525,1.3178384,0.780605,12.3976856
-54.792905,52.6748392,1.3121118,0.7842071,12.415556
-54.6941199,52.6594759,1.3063852,0.7878092,12.4333293
-54.5953426,52.6440632,1.3017498,0.7916381,12.451006
-54.496573,52.6286017,1.2986281,0.7957816,12.468587
-54.397811,52.6130921,1.2955065,0.7999251,12.4860729
-54.2990566,52.5975348,1.2923848,0.8040686,12.5034644
-54.2003096,52.5819305,1.2892631,0.8082121,12.5207621
-54.1015699,52.5662797,1.2861415,0.8123557,12.5379668
-54.0028374,52.550583,1.2830198,0.8164992,12.555079
-53.9041121,52.5348409,1.2798981,0.8206427,12.5720995
-53.8053944,52.5190542,1.2767765,0.8247862,12.5890288
-53.7066841,52.5032234,1.2736548,0.8289297,12.6058677
-53.6079806,52.487349,1.2712032,0.832804,12.6226167
-53.5092839,52.4714315,1.2697766,0.8362664,12.6392765
-53.4105939,52.4554716,1.2683501,0.8397288,12.6558477
-53.3119105,52.4394698,1.2669236,0.8431912,12.6723309
-53.2132335,52.4234267,1.265497,0.8466536,12.6887268
-53.114563,52.4073429,1.2640705,0.850116,12.7050359
-53.0158987,52.391219,1.2626439,0.8535784,12.7212588
-52.9172406,52.3750554,1.2612174,0.8570407,12.7373961
-52.8185901,52.3588532,1.2597908,0.8605031,12.7534484
-52.719947,52.3426128,1.2583643,0.8639655,12.7694163
-52.6213099,52.3263346,1.256242,0.8674335,12.7853003
-52.5226785,52.3100191,1.2529437,0.8709107,12.8011011
-52.4240529,52.2936669,1.2496454,0.874388,12.8168191
-52.3254328,52.2772787,1.2463472,0.8778653,12.832455
-52.2268183,52.2608549,1.2430489,0.8813426,12.8480093
-52.1282093,52.2443962,1.2397506,0.8848199,12.8634825
-52.0296055,52.2279032,1.2364523,0.8882972,12.8788752
-51.931007,52.2113764,1.233154,0.8917745,12.8941879
-51.8324158,52.1948167,1.2298557,0.8952518,12.9094212
-51.7338317,52.1782248,1.2265574,0.8987291,12.9245756
-51.6352525,52.1616009,1.2232086,0.9019687,12.9396515
-51.5366782,52.1449455,1.2197653,0.9047632,12.9546495
-51.4381086,52.1282592,1.2163221,0.9075577,12.9695702
-51.3395437,52.1115426,1.2128788,0.9103522,12.984414
-51.2409833,52.0947963,1.2094355,0.9131467,12.9991814
-51.1424274,52.0780208,1.2059922,0.9159412,13.013873
-51.0438758,52.0612168,1.2025489,0.9187356,13.0284892
-50.9453285,52.0443849,1.1991056,0.9215301,13.0430305
-50.846788,52.0275259,1.1956623,0.9243246,13.0574974
-50.748254,52.0106406,1.192219,0.9271191,13.0718904
-50.6497239,51.993729,1.1893399,0.9298816,13.08621
-50.5511978,51.9767918,1.1876352,0.9325776,13.1004565
-50.4526753,51.9598295,1.1859306,0.9352735,13.1146306
-50.3541566,51.9428428,1.1842259,0.9379695,13.1287326
-50.2556414,51.9258321,1.1825213,0.9406654,13.142763
-50.1571297,51.908798,1.1808166,0.9433613,13.1567224
-50.0586214,51.8917413,1.1791119,0.9460573,13.170611
-49.9601164,51.8746623,1.1774073,0.9487532,13.1844294
-49.8616174,51.8575623,1.1757026,0.9514492,13.198178
-49.7631241,51.8404417,1.173998,0.9541451,13.2118573
-49.6646337,51.8233007,1.1713162,0.9567669,13.2254676
-49.5661462,51.8061398,1.1663643,0.9592164,13.2390095
-49.4676616,51.7889597,1.1614123,0.9616659,13.2524833
-49.3691796,51.7717609,1.1564604,0.9641154,13.2658895
-49.2707002,51.754544,1.1515084,0.9665648,13.2792285
-49.1722233,51.7373096,1.1465564,0.9690143,13.2925007
-49.0737489,51.7200582,1.1416045,0.9714638,13.3057065
-48.9752767,51.7027905,1.1366525,0.9739133,13.3188464
-48.8768097,51.6855076,1.1317006,0.9763628,13.3319207
-48.7783472,51.6682099,1.1267486,0.9788122,13.3449298
-48.6798867,51.6508976,1.1231641,0.9809443,13.3578742
-48.5814281,51.6335713,1.1231438,0.9822493,13.3707542
-48.4829714,51.6162315,1.1231234,0.9835542,13.3835703
-48.3845164,51.5988789,1.123103,0.9848591,13.3963228
-48.286063,51.581514,1.1230827,0.9861641,13.4090121
-48.1876112,51.5641374,1.1230623,0.987469,13.4216386
-48.0891608,51.5467498,1.1230419,0.9887739,13.4342027
-47.9907117,51.5293516,1.1230216,0.9900789,13.4467047
-47.8922666,51.5119439,1.1230012,0.9913838,13.4591451
-47.7938248,51.4945273,1.1229809,0.9926887,13.4715241
-47.6953842,51.4771019,1.1228596,0.9941964,13.4838423
-47.5969444,51.4596683,1.1224414,0.9963007,13.4960998
-47.4985055,51.4422271,1.1220233,0.9984049,13.5082972
-47.4000674,51.4247789,1.1216051,1.0005091,13.5204347
-47.30163,51.4073242,1.1211869,1.0026133,13.5325127
-47.2031931,51.3898637,1.1207688,1.0047176,13.5445316
-47.1047567,51.3723979,1.1203506,1.0068218,13.5564917
-47.0063206,51.3549274,1.1199325,1.008926,13.5683934
-46.9078872,51.3374533,1.1195143,1.0110302,13.580237
-46.809456,51.3199759,1.1190962,1.0131345,13.5920229
-46.7110248,51.3024956,1.117683,1.0152996,13.6037513
-46.6125936,51.285013,1.1129406,1.0176683,13.6154227
-46.5141623,51.2675286,1.1081982,1.020037,13.6270373
-46.4157308,51.250043,1.1034558,1.0224057,13.6385955
-46.317299,51.2325567,1.0987134,1.0247744,13.6500977
-46.2188669,51.2150705,1.093971,1.0271431,13.6615441
-46.1204342,51.1975848,1.0892286,1.0295118,13.6729351
-46.022001,51.1801003,1.0844862,1.0318805,13.684271
-45.923569,51.1626178,1.0797438,1.0342492,13.6955521
-45.8251378,51.1451379,1.0750014,1.0366179,13.7067788
-45.7267058,51.1276609,1.0710769,1.038896,13.7179513
-45.6282728,51.1101874,1.0702958,1.0408257,13.72907
-45.5298387,51.092718,1.0695146,1.0427554,13.7401351
-45.4314035,51.0752532,1.0687335,1.0446851,13.7511471
-45.3329671,51.0577936,1.0679523,1.0466148,13.7621061
-45.2345294,51.0403398,1.0671712,1.0485445,13.7730125
-45.1360902,51.0228924,1.06639,1.0504742,13.7838666
-45.0376496,51.0054521,1.0656089,1.0524039,13.7946687
-44.9392087,50.9880195,1.0648277,1.0543336,13.8054191
-44.8407672,50.9705952,1.0640466,1.0562633,13.816118
-44.742324,50.9531797,1.062822,1.0582601,13.8267659
-44.6438788,50.9357735,1.059616,1.0605567,13.8373629
-44.5454317,50.9183772,1.05641,1.0628533,13.8479093
-44.4469826,50.9009914,1.0532041,1.0651499,13.8584055
-44.3485313,50.8836167,1.0499981,1.0674465,13.8688517
-44.2500777,50.8662536,1.0467921,1.0697431,13.8792482
-44.1516218,50.8489027,1.0435862,1.0720397,13.8895953
-44.0531635,50.8315646,1.0403802,1.0743363,13.8998932
-43.9547035,50.8142401,1.0371742,1.0766329,13.9101423
-43.8562415,50.7969297,1.0339683,1.0789295,13.9203428
-43.7577769,50.7796339,1.0309816,1.0811057,13.9304949
-43.6593094,50.7623532,1.0291521,1.0826467,13.940599
-43.5608391,50.7450882,1.0273226,1.0841877,13.9506553
-43.4623658,50.7278396,1.0254931,1.0857287,13.9606641
-43.3638895,50.7106078,1.0236637,1.0872697,13.9706256
-43.26541,50.6933935,1.0218342,1.0888107,13.9805402
-43.1669273,50.6761973,1.0200047,1.0903517,13.990408
-43.0684413,50.6590198,1.0181753,1.0918927,14.0002293
-42.9699521,50.6418615,1.0163458,1.0934337,14.0100044
-42.8714597,50.6247231,1.0145163,1.0949747,14.0197335
-42.7729637,50.6076051,1.0130331,1.0965717,14.0294169
-42.674464,50.590508,1.0137553,1.0985261,14.0390548
-42.5759605,50.5734325,1.0144774,1.1004805,14.0486476
-42.4774532,50.5563792,1.0151996,1.1024349,14.0581953
-42.378942,50.5393486,1.0159218,1.1043893,14.0676983
-42.2804268,50.5223413,1.0166439,1.1063437,14.0771569
-42.1819075,50.505358,1.0173661,1.1082981,14.0865712
-42.083384,50.4883991,1.0180883,1.1102525,14.0959415
-41.9848559,50.4714652,1.0188105,1.1122069,14.1052681
-41.8863234,50.4545569,1.0195326,1.1141613,14.1145511
-41.7877864,50.4376749,1.0200097,1.1161509,14.1237909
-41.6892449,50.4208197,1.018545,1.1184192,14.1329876
-41.5906987,50.4039918,1.0170802,1.1206875,14.1421414
-41.4921479,50.387192,1.0156155,1.1229557,14.1512527
-41.3935923,50.3704207,1.0141508,1.125224,14.1603217
-41.2950319,50.3536786,1.0126861,1.1274923,14.1693485
-41.1964665,50.3369661,1.0112214,1.1297606,14.1783334
-41.0978961,50.320284,1.0097567,1.1320289,14.1872766
-40.9993199,50.3036327,1.008292,1.1342971,14.1961783
-40.900738,50.2870128,1.0068273,1.1365654,14.2050388
-40.8021509,50.2704249,1.0049421,1.1388828,14.2138583
-40.7035584,50.2538697,0.9987252,1.1417056,14.222637
-40.6049604,50.2373477,0.9925083,1.1445283,14.2313751
-40.506357,50.2208595,0.9862915,1.1473511,14.2400729
-40.407748,50.2044057,0.9800746,1.1501739,14.2487305
-40.3091333,50.1879868,0.9738578,1.1529967,14.2573481
-40.2105129,50.1716035,0.9676409,1.1558195,14.2659261
-40.1118867,50.1552564,0.961424,1.1586423,14.2744645
-40.0132536,50.1389458,0.9552072,1.1614651,14.2829636
-39.9146137,50.1226724,0.9489903,1.1642879,14.2914236
-39.8159678,50.1064368,0.9430706,1.1670796,14.2998447
-39.7173158,50.0902397,0.9414322,1.1694244,14.3082271
-39.6186575,50.0740817,0.9397939,1.1717691,14.316571
-39.519993,50.0579633,0.9381555,1.1741138,14.3248767
-39.4213221,50.0418851,0.9365172,1.1764586,14.3331442
-39.3226448,50.0258477,0.9348788,1.1788033,14.3413739
-39.2239609,50.0098517,0.9332405,1.1811481,14.3495659
-39.1252705,49.9938977,0.9316021,1.1834928,14.3577204
-39.0265722,49.977986,0.9299638,1.1858375,14.3658375
-38.9278664,49.9621173,0.9283254,1.1881823,14.3739176
-38.8291538,49.9462924,0.9266554,1.1905619,14.3819608
-38.7304342,49.9305117,0.9242484,1.1937519,14.3899673
-38.6317078,49.914776,0.9218415,1.196942,14.3979372
-38.5329743,49.8990857,0.9194346,1.200132,14.4058708
-38.4342337,49.8834414,0.9170276,1.203322,14.4137682
-38.3354859,49.8678438,0.9146207,1.206512,14.4216297
-38.2367309,49.8522934,0.9122138,1.2097021,14.4294554
-38.1379686,49.8367908,0.9098068,1.2128921,14.4372455
-38.0391978,49.8213364,0.9073999,1.2160821,14.4450002
-37.9404187,49.8059309,0.904993,1.2192722,14.4527196
-37.8416321,49.7905748,0.9025114,1.2224846,14.460404
-37.742838,49.7752689,0.8958892,1.2269427,14.4680536
-37.6440362,49.7600136,0.889267,1.2314009,14.4756684
-37.5452266,49.7448095,0.8826447,1.235859,14.4832488
-37.4464093,49.7296572,0.8760225,1.2403171,14.4907948
-37.3475842,49.7145572,0.8694002,1.2447752,14.4983066
-37.2487512,49.6995101,0.862778,1.2492333,14.5057845
-37.1499102,49.6845164,0.8561557,1.2536914,14.5132285
-37.0510603,49.6695767,0.8495335,1.2581495,14.5206389
-36.9522018,49.6546916,0.8429112,1.2626076,14.5280159
-36.8533351,49.6398619,0.836289,1.2670658,14.5353595
-36.75446,49.6250883,0.8346792,1.2702465,14.54267
-36.6555767,49.6103717,0.8330992,1.2734196,14.5499476
-36.5566848,49.5957126,0.8315192,1.2765928,14.5571923
-36.4577845,49.5811118,0.8299392,1.2797659,14.5644044
-36.3588755,49.5665702,0.8283592,1.2829391,14.5715841
-36.2599578,49.5520883,0.8267792,1.2861122,14.5787314
-36.1610313,49.5376669,0.8251992,1.2892854,14.5858466
-36.0620957,49.5233068,0.8236192,1.2924585,14.5929299
-35.9631509,49.5090087,0.8220392,1.2956317,14.5999813
-35.8641971,49.4947738,0.8204592,1.2988048,14.607001
-35.7652341,49.4806028,0.8237218,1.3017284,14.6139893
-35.6662619,49.4664967,0.8271315,1.3046444,14.6209462
-35.5672803,49.4524565,0.8305412,1.3075604,14.627872
-35.4682892,49.4384831,0.833951,1.3104764,14.6347667
-35.3692886,49.4245775,0.8373607,1.3133924,14.6416305
-35.2702783,49.4107406,0.8407704,1.3163083,14.6484636
-35.1712583,49.3969734,0.8441801,1.3192243,14.6552662
-35.0722287,49.3832768,0.8475899,1.3221403,14.6620383
-34.9731893,49.3696517,0.8509996,1.3250563,14.6687802
-34.8741399,49.356099,0.8544093,1.3279723,14.675492
-34.7750805,49.3426197,0.8503059,1.33004,14.6821738
-34.6760109,49.3292147,0.8457812,1.3320602,14.6888258
-34.5769311,49.3158849,0.8412565,1.3340804,14.6954481
-34.477841,49.3026312,0.8367318,1.3361005,14.7020409
-34.3787406,49.2894545,0.8322072,1.3381207,14.7086044
-34.2796297,49.2763558,0.8276825,1.3401409,14.7151386
-34.1805084,49.2633359,0.8231578,1.3421611,14.7216437
-34.081377,49.2503959,0.8186331,1.3441812,14.7281199
-33.9822354,49.2375367,0.8141084,1.3462014,14.7345673
-33.8830831,49.2247591,0.8095837,1.3482216,14.740986
-33.7839201,49.2120642,0.8037802,1.349364,14.7473763
-33.6847463,49.1994529,0.7978705,1.3504335,14.7537381
-33.5855618,49.186926,0.7919608,1.351503,14.7600717
-33.4863664,49.1744847,0.786051,1.3525725,14.7663773
-33.3871601,49.1621298,0.7801413,1.353642,14.7726548
-33.2879429,49.1498623,0.7742316,1.3547115,14.7789046
-33.1887147,49.1376831,0.7683219,1.355781,14.7851266
-33.089476,49.1255933,0.7624122,1.3568505,14.7913212
-32.9902266,49.1135933,0.7565024,1.35792,14.7974883
-32.8909662,49.1016837,0.7505927,1.3589895,14.8036281
-32.7916949,49.0898647,0.75,1.3600046,14.8097407
-32.6924127,49.0781367,0.75,1.3610136,14.8158264
-32.5931198,49.0665002,0.75,1.3620227,14.8218852
-32.493816,49.0549555,0.75,1.3630317,14.8279172
-32.3945016,49.0435029,0.75,1.3640408,14.8339226
-32.2951765,49.032143,0.75,1.3650498,14.8399015
-32.1958408,49.0208759,0.75,1.3660588,14.845854
-32.0964947,49.0097022,0.75,1.3670679,14.8517803
-31.9971382,48.9986217,0.75,1.3680769,14.8576805
-31.8977715,48.9876337,0.75,1.3690859,14.8635546
-31.7983946,48.9767377,0.7508035,1.3693572,14.869403
-31.6990077,48.9659332,0.7517207,1.3695242,14.8752256
-31.5996109,48.9552195,0.7526378,1.3696911,14.8810226
-31.5002045,48.9445961,0.753555,1.369858,14.8867941
-31.4007885,48.9340624,0.7544721,1.370025,14.8925402
-31.3013631,48.9236179,0.7553893,1.3701919,14.8982611
-31.2019284,48.913262,0.7563064,1.3703589,14.9039569
-31.1024846,48.902994,0.7572236,1.3705258,14.9096276
-31.0030318,48.8928138,0.7581407,1.3706927,14.9152735
-30.90357,48.8827212,0.7590579,1.3708597,14.9208947
-30.8040994,48.8727159,0.7625374,1.3705751,14.9264911
-30.7046202,48.8627979,0.7664603,1.3702124,14.9320631
-30.6051323,48.852967,0.7703832,1.3698497,14.9376107
-30.5056358,48.8432231,0.7743061,1.369487,14.9431339
-30.4061309,48.833566,0.7782289,1.3691243,14.948633
-30.3066176,48.8239956,0.7821518,1.3687616,14.954108
-30.2070961,48.8145117,0.7860747,1.3683989,14.9595591
-30.1075663,48.8051143,0.7899976,1.3680362,14.9649864
-30.0080284,48.7958031,0.7939205,1.3676735,14.9703899
-29.9084824,48.7865781,0.7978433,1.3673108,14.9757699
-29.8089286,48.7774392,0.7957927,1.3654054,14.9811263
-29.7093668,48.7683864,0.7925091,1.3631816,14.9864594
-29.6097973,48.7594197,0.7892254,1.3609578,14.9917692
-29.5102201,48.7505388,0.7859418,1.3587339,14.9970558
-29.4106353,48.7417438,0.7826582,1.3565101,15
-29.3110429,48.7330345,0.7793746,1.3542863,15
-29.211443,48.7244109,0.7760909,1.3520625,15
-29.1118358,48.715873,0.7728073,1.3498387,15
-29.0122214,48.7074206,0.7695237,1.3476148,15
-28.9125997,48.6990537,0.7662401,1.345391,15
-28.8129708,48.6907723,0.7671704,1.3436741,15
-28.7133349,48.6825762,0.7691194,1.3420797,15
-28.613692,48.6744654,0.7710684,1.3404853,15
-28.5140422,48.6664398,0.7730175,1.3388909,15
-28.4143856,48.6584993,0.7749665,1.3372965,15
-28.3147222,48.650644,0.7769156,1.3357021,15
-28.2150521,48.6428737,0.7788646,1.3341077,15
-28.1153755,48.6351884,0.7808137,1.3325133,15
-28.0156924,48.6275879,0.7827627,1.3309189,15
-27.9160029,48.6200723,0.7847117,1.3293245,15
-27.816307,48.6126415,0.7876139,1.3272022,15
-27.7166049,48.6052953,0.7907822,1.3249325,15
-27.6168965,48.5980338,0.7939505,1.3226628,15
-27.5171819,48.5908569,0.7971188,1.3203931,15
-27.4174613,48.5837645,0.8002871,1.3181234,15
-27.3177347,48.5767565,0.8034554,1.3158536,15
-27.2180022,48.5698328,0.8066237,1.3135839,15
-27.118264,48.5629935,0.809792,1.3113142,15
-27.0185201,48.5562385,0.8129603,1.3090445,15
-26.9187705,48.5495676,0.8161286,1.3067748,15
-26.8190153,48.5429808,0.8226901,1.3053216,15
-26.7192546,48.5364781,0.8303344,1.3041289,15
-26.6194884,48.5300593,0.8379787,1.3029363,15
-26.5197168,48.5237245,0.845623,1.3017436,15
-26.4199399,48.5174735,0.8532673,1.3005509,15
-26.3201578,48.5113063,0.8609115,1.2993583,15
-26.2203705,48.5052228,0.8685558,1.2981656,15
-26.1205783,48.499223,0.8762001,1.296973,15
-26.0207811,48.4933067,0.8838444,1.2957803,15
-25.920979,48.487474,0.8914886,1.2945876,15
-25.821172,48.4817247,0.8937591,1.2936128,15
-25.7213603,48.4760589,0.8940872,1.2927167,15
-25.6215438,48.4704763,0.8944153,1.2918206,15
-25.5217227,48.464977,0.8947434,1.2909245,15
-25.421897,48.4595609,0.8950715,1.2900285,15
-25.3220668,48.4542279,0.8953996,1.2891324,15
-25.2222322,48.448978,0.8957278,1.2882363,15
-25.1223934,48.4438111,0.8960559,1.2873402,15
-25.0225503,48.4387271,0.896384,1.2864441,15
-24.9227031,48.4337259,0.8967121,1.285548,15
-24.8228517,48.4288076,0.8954894,1.2836491,15
-24.7229963,48.423972,0.8936362,1.2813425,15
-24.6231369,48.4192191,0.8917829,1.2790358,15
-24.5232735,48.4145487,0.8899296,1.2767292,15
-24.4234064,48.4099609,0.8880764,1.2744226,15
-24.3235354,48.4054556,0.8862231,1.2721159,15
-24.2236608,48.4010326,0.8843699,1.2698093,15
-24.1237826,48.396692,0.8825166,1.2675026,15
-24.0239009,48.3924337,0.8806634,1.265196,15
-23.9240157,48.3882576,0.8788101,1.2628893,15
-23.8241271,48.3841636,0.8812816,1.262545,15
-23.7242352,48.3801517,0.8857206,1.2630933,15
-23.62434,48.3762217,0.8901596,1.2636417,15
-23.5244416,48.3723737,0.8945987,1.2641901,15
-23.4245401,48.3686075,0.8990377,1.2647384,15
-23.3246355,48.3649231,0.9034767,1.2652868,15
-23.224728,48.3613205,0.9079157,1.2658352,15
-23.1248175,48.3577995,0.9123547,1.2663835,15
-23.0249042,48.35436,0.9167937,1.2669319,15
-22.9249882,48.3510021,0.9212328,1.2674803,15
-22.8250694,48.3477257,0.9216409,1.2691337,15
-22.725148,48.3445307,0.9200066,1.2713471,15
-22.6252241,48.341417,0.9183724,1.2735606,15
-22.5252976,48.3383846,0.9167382,1.275774,14.9649236
-22.4253687,48.3354334,0.9151039,1.2779874,14.8668232
-22.3254374,48.3325634,0.9134697,1.2802008,14.7682979
-22.2255039,48.3297745,0.9118355,1.2824142,14.6693388
-22.1255681,48.3270666,0.9102012,1.2846276,14.5699329
-22.0256301,48.3244397,0.908567,1.286841,14.4700686
-21.9256901,48.3218937,0.9069328,1.2890544,14.3697364
-21.825748,48.3194284,0.9030933,1.2909856,14.2689261
-21.725804,48.3170438,0.8980142,1.2927581,14.1676276
-21.625858,48.3147397,0.892935,1.2945307,14.06583
-21.5259103,48.3125161,0.8878558,1.2963032,13.9635224
-21.4259609,48.3103728,0.8827766,1.2980757,13.8606934
-21.3260097,48.3083098,0.8776974,1.2998482,13.757331
-21.226057,48.306327,0.8726182,1.3016208,13.6534232
-21.1261025,48.3044242,0.8675391,1.3033933,13.5489719
-21.0261466,48.3026015,0.8624599,1.3051658,13.4439722
-20.9261892,48.3008589,0.8573807,1.3069384,13.33841
-20.8262305,48.2991965,0.8509236,1.3082476,13.232271
-20.7262705,48.2976144,0.8436095,1.3092687,13.1255403
-20.6263093,48.2961126,0.8362953,1.3102899,13.0182024
-20.526347,48.2946912,0.8289812,1.311311,12.9102412
-20.4263836,48.2933503,0.821667,1.3123321,12.80164
-20.3264192,48.29209,0.8143529,1.3133532,12.6923815
-20.2264538,48.2909102,0.8070387,1.3143743,12.5824475
-20.1264873,48.289811,0.7997246,1.3153955,12.4715696
-20.0265198,48.2887905,0.7924105,1.3164166,12.3596967
-19.9265516,48.2878458,0.7850963,1.3174377,12.2467007
-19.8265828,48.2869738,0.780219,1.3204,12.1325643
-19.7266135,48.2861714,0.7770146,1.3246952,12.0172692
-19.6266436,48.2854357,0.7738103,1.3289903,11.9007961
-19.5266734,48.2847636,0.770606,1.3332854,11.7831246
-19.4267029,48.2841521,0.7674017,1.3375805,11.6642329
-19.3267323,48.2835983,0.7641973,1.3418757,11.5440981
-19.2267614,48.2830989,0.760993,1.3461708,11.4227063
-19.1267914,48.2826503,0.7577887,1.3504659,11.3000068
-19.0268219,48.2822387,0.7545844,1.354761,11.1746784
-18.9268521,48.2818436,0.75138,1.3590562,11.0460265
-18.8268822,48.2814446,0.7514665,1.3637147,10.9176855
-18.726912,48.281021,0.7540423,1.3686481,10.7904842
-18.6269414,48.2805525,0.7566181,1.3735816,10.6643499
-18.5269704,48.2800183,0.7591939,1.378515,10.5392096
-18.4269988,48.2793981,0.7617697,1.3834485,10.4149899
-18.3270267,48.2786713,0.7643455,1.3883819,10.2916164
-18.2270539,48.2778173,0.7669213,1.3933154,10.1690142
-18.1270846,48.2768155,0.7694971,1.3982488,10.0473226
-18.0271177,48.2756434,0.7720729,1.4031822,9.9265746
-17.9271524,48.2742772,0.7746487,1.4081157,9.8066894
-17.8271903,48.2726932,0.774721,1.4119753,9.6875852
-17.7272329,48.2708674,0.7727092,1.4149409,9.5691791
-17.6272816,48.2687762,0.7706974,1.4179066,9.4513869
-17.5273379,48.2663958,0.7686857,1.4208722,9.3341223
-17.4274032,48.2637024,0.7666739,1.4238379,9.2172972
-17.3274791,48.2606722,0.7646621,1.4268035,9.1008211
-17.227567,48.2572815,0.7626503,1.4297692,8.9846004
-17.1276699,48.253506,0.7606386,1.4327349,8.8690539
-17.02779,48.2493167,0.7586268,1.4357005,8.7543433
-16.9279304,48.244681,0.756615,1.4386662,8.6403632
-16.8280947,48.2395666,0.7553592,1.4385703,8.5270054
-16.7282868,48.233941,0.7547951,1.4356723,8.4141582
-16.6285104,48.2277716,0.7542311,1.4327742,8.3017058
-16.5287692,48.2210261,0.7536671,1.4298762,8.1895277
-16.429067,48.213672,0.753103,1.4269782,8.077498
-16.3294075,48.2056768,0.752539,1.4240802,7.9654842
-16.2297946,48.197008,0.751975,1.4211822,7.8533471
-16.1302032,48.187628,0.7514109,1.4182842,7.7434166
-16.0306662,48.177477,0.7508469,1.4153862,7.6368227
-15.9312252,48.1664783,0.7502828,1.4124882,7.533461
-15.831907,48.1545537,0.7523948,1.4046497,7.4332349
-15.7327385,48.1416248,0.7571984,1.3918415,7.3360532
-15.6337464,48.1276136,0.7620021,1.3790333,7.2418278
-15.5349575,48.1124417,0.7668058,1.3662251,7.1504715
-15.4363985,48.096031,0.7716095,1.3534169,7.0618953
-15.3380963,48.078303,0.7764132,1.3406087,6.9760055
-15.2400776,48.0591797,0.7812169,1.3278005,6.8927008
-15.1422347,48.0385537,0.7860206,1.3149923,6.8115098
-15.0446793,48.0163649,0.7908242,1.3021842,6.732225
-14.9475296,47.9925615,0.7956279,1.289376,6.6548243
-14.8508363,47.9670784,0.805444,1.2720304,6.5792776
-14.7546507,47.9398506,0.8208017,1.2496682,6.5055439
-14.6590235,47.9108127,0.8361594,1.2273061,6.4335674
-14.5640058,47.8798998,0.8515171,1.204944,6.3632745
-14.4696487,47.8470465,0.8668749,1.1825818,6.2945691
-14.3760029,47.8121878,0.8822326,1.1602197,6.2273285
-14.2831196,47.7752585,0.8975903,1.1378576,6.1613988
-14.190888,47.7361206,0.912948,1.1154955,6.0980639
-14.0995199,47.6947456,0.9283057,1.0931333,6.0382624
-14.0092364,47.6511055,0.9436634,1.0707712,5.9824246
-13.9201853,47.6051425,0.9641484,1.0478729,5.9310048
-13.8325148,47.5567987,0.9908666,1.0243227,5.8844788
-13.7463728,47.5060162,1.0175848,1.0007725,5.8433391
-13.6619073,47.4527371,1.044303,0.9772223,5.8080875
-13.5792665,47.3969035,1.0710212,0.9536721,5.7792261
-13.4985984,47.3384576,1.0977394,0.930122,5.7572433
-13.4200509,47.2773414,1.1244576,0.9065718,5.7425975
-13.3437883,47.2135246,1.1511757,0.8830216,5.7289424
-13.2698826,47.1470176,1.1778939,0.8594714,5.71534
-13.1983873,47.0778719,1.2046121,0.8359212,5.7005503
-13.1293633,47.0061455,1.2226097,0.8193528,5.6843872
-13.0628716,46.9318967,1.2289396,0.8121254,5.6666533
-12.9989731,46.8551833,1.2352696,0.8048981,5.6471386
-12.9377288,46.7760635,1.2415996,0.7976707,5.6256177
-12.8791996,46.6945954,1.2479295,0.7904433,5.6018487
-12.8234464,46.610837,1.2542595,0.783216,5.5755702
-12.7705302,46.5248463,1.2605895,0.7759886,5.5464996
-12.7213598,46.4382313,1.2669194,0.7687613,5.5141897
-12.6753168,46.350033,1.2732494,0.7615339,5.480336
-12.6323322,46.2600214,1.2795793,0.7543066,5.4465748
-12.5925575,46.1683395,1.2728212,0.7581548,5.4138527
-12.556144,46.07513,1.2467654,0.7783336,5.3829131
-12.5232429,45.9805355,1.2207096,0.7985123,5.3545102
-12.4940057,45.884699,1.1946538,0.818691,5.3294088
-12.4685835,45.7877631,1.168598,0.8388697,5.3083805
-12.4471279,45.6898707,1.1425422,0.8590485,5.2921973
-12.42979,45.5911645,1.1164864,0.8792272,5.2816193
-12.4167602,45.4922654,1.0904306,0.8994059,5.2710201
-12.4079221,45.393118,1.0643748,0.9195847,5.2653461
-12.4030662,45.2935802,1.038319,0.9397634,5.2703959
-12.4020227,45.1937857,1.016121,0.961742,5.285163
-12.404622,45.0938686,1.000203,0.9866507,5.3086362
-12.4106941,44.9939629,0.9842851,1.0115594,5.3398284
-12.4200694,44.8942024,0.9683671,1.0364681,5.3777955
-12.4325781,44.7947212,0.9524492,1.0613768,5.4216472
-12.4480504,44.6956532,0.9365313,1.0862855,5.4705536
-12.4663167,44.5971324,0.9206133,1.1111942,5.5237457
-12.4872699,44.499019,0.9046954,1.1361029,5.5805144
-12.5108432,44.4012485,0.8887774,1.1610116,5.6386883
-12.5368732,44.3042887,0.8728595,1.1859203,5.6957572
-12.5652878,44.2081658,0.8595787,1.2075274,5.7519553
-12.5960152,44.1129058,0.8510491,1.2231865,5.8074744
-12.6289833,44.0185349,0.8425196,1.2388455,5.8624682
-12.6641201,43.9250792,0.83399,1.2545045,5.9170572
-12.7013536,43.8325648,0.8254605,1.2701635,5.971332
-12.7406117,43.7410179,0.816931,1.2858225,6.0253577
-12.7818225,43.6504645,0.8084014,1.3014816,6.0791765
-12.8250102,43.5607357,0.7998719,1.3171406,6.1328108
-12.8703742,43.4713223,0.7913423,1.3327996,6.1871514
-12.9174606,43.3829163,0.7828128,1.3484586,6.2456172
-12.9661543,43.2954728,0.7762243,1.3605206,6.3082669
-13.0163405,43.2089469,0.7735181,1.3653884,6.3751405
-13.0679042,43.1232936,0.7708118,1.3702562,6.4450884
-13.1207304,43.0384682,0.7681056,1.3751241,6.5140093
-13.1747042,42.9544256,0.7653993,1.3799919,6.5819366
-13.2297107,42.8711211,0.762693,1.3848598,6.6489018
-13.2856348,42.7885096,0.7599868,1.3897276,6.7149346
-13.3424131,42.7064729,0.7572805,1.3945954,6.7800635
-13.4002172,42.6246124,0.7545743,1.3994633,6.8443153
-13.4587212,42.5433546,0.751868,1.4043311,6.9077154
-13.5179136,42.4626868,0.75,1.4074708,6.9702881
-13.5777828,42.3825961,0.75,1.4067592,7.0320565
-13.6383172,42.3030697,0.75,1.4060475,7.0930426
-13.6995054,42.2240949,0.75,1.4053359,7.1532673
-13.7613358,42.1456588,0.75,1.4046243,7.2127508
-13.8237967,42.0677485,0.75,1.4039127,7.2715121
-13.8868768,41.9903514,0.75,1.403201,7.3295695
-13.9505738,41.9134432,0.75,1.4024894,7.3869407
-14.0149276,41.836954,0.75,1.4017778,7.4436422
-14.0798677,41.7609543,0.75,1.4010662,7.4996903
-14.1453828,41.6854429,0.7513064,1.3988982,7.5551004
-14.2114619,41.6104193,0.755872,1.393097,7.6098873
-14.2780938,41.5358823,0.7604377,1.3872958,7.6640652
-14.3452674,41.4618314,0.7650033,1.3814946,7.7176479
-14.4129716,41.3882655,0.7695689,1.3756933,7.7706485
-14.4811953,41.3151839,0.7741346,1.3698921,7.8230796
-14.5499273,41.2425857,0.7787002,1.3640909,7.8749536
-14.6191613,41.1704651,0.7832659,1.3582897,7.9262821
-14.6889115,41.0987966,0.7878315,1.3524884,7.9770765
-14.7591416,41.0276094,0.7923971,1.3466872,8.0273477
-14.8298444,40.9569027,0.7983288,1.3402318,8.0771065
-14.9010126,40.8866754,0.8080975,1.3319386,8.1263628
-14.9726391,40.8169267,0.8178662,1.3236454,8.1751267
-15.0447167,40.7476558,0.827635,1.3153522,8.2234076
-15.117238,40.6788618,0.8374037,1.3070591,8.2712148
-15.190196,40.6105437,0.8471724,1.2987659,8.3185572
-15.2635833,40.5427006,0.8569411,1.2904727,8.3654435
-15.3374027,40.4753228,0.8667099,1.2821796,8.411882
-15.4116936,40.4083677,0.8764786,1.2738864,8.4578809
-15.486394,40.3418846,0.8862473,1.2655932,8.5034481
-15.5614978,40.2758713,0.8969197,1.2570849,8.5485911
-15.6369985,40.2103259,0.9104703,1.2478912,8.5933173
-15.71289,40.1452462,0.924021,1.2386975,8.6376341
-15.789166,40.0806303,0.9375716,1.2295038,8.6815482
-15.8658201,40.0164761,0.9511223,1.2203101,8.7250666
-15.9428462,39.9527816,0.9646729,1.2111164,8.7681959
-16.0202379,39.8895446,0.9782236,1.2019227,8.8109423
-16.0979984,39.8267558,0.9917742,1.192729,8.8533122
-16.1761597,39.7643845,1.0053249,1.1835353,8.8953116
-16.2546731,39.7024692,1.0188755,1.1743416,8.9369465
-16.3335361,39.6410111,1.0319961,1.1646036,8.9782224
-16.4127467,39.5800116,1.0435496,1.1528825,9.0191452
-16.4923025,39.5194719,1.055103,1.1411613,9.05972
-16.5722013,39.4593932,1.0666565,1.1294402,9.0999524
-16.6524408,39.3997768,1.0782099,1.1177191,9.1398475
-16.7330187,39.340624,1.0897634,1.1059979,9.1794102
-16.8139328,39.281936,1.1013169,1.0942768,9.2186455
-16.8951837,39.2237121,1.1128703,1.0825557,9.2575582
-16.9767783,39.1659471,1.1244238,1.0708345,9.296153
-17.0587022,39.1086514,1.1359772,1.0591134,9.3344344
-17.1409528,39.0518266,1.1466635,1.0476723,9.372407
-17.2235277,38.9954744,1.1536944,1.0374118,9.4100749
-17.3064244,38.9395963,1.1607252,1.0271512,9.4474425
-17.3896403,38.8841941,1.1677561,1.0168906,9.484514
-17.4731731,38.8292694,1.1747869,1.00663,9.5212934
-17.5570202,38.7748239,1.1818177,0.9963695,9.5577846
-17.6411791,38.7208591,1.1888486,0.9861089,9.5939915
-17.7256441,38.6673789,1.1958794,0.9758483,9.6299179
-17.8104043,38.6143899,1.2029103,0.9655877,9.6655676
-17.8954687,38.5618864,1.2099411,0.9553272,9.7009441
-17.9808346,38.50987,1.2165349,0.9458814,9.736051
-18.0664994,38.4583423,1.220966,0.9404667,9.7708917
-18.1524604,38.4073049,1.2253971,0.935052,9.8054697
-18.2387152,38.3567592,1.2298282,0.9296373,9.8397883
-18.3252611,38.3067071,1.2342593,0.9242227,9.8738507
-18.4120954,38.2571499,1.2386904,0.918808,9.9076601
-18.4992157,38.2080894,1.2431215,0.9133933,9.9412196
-18.5866107,38.1595318,1.2475526,0.9079786,9.9745324
-18.67426,38.1114882,1.2519837,0.902564,10.0076014
-18.7621872,38.0639457,1.2564148,0.8971493,10.0404295
-18.8503894,38.0169062,1.2607108,0.8919377,10.0730197
-18.938864,37.9703715,1.2642068,0.887928,10.1053747
-19.0276083,37.9243432,1.2677028,0.8839184,10.1374973
-19.1166197,37.8788232,1.2711987,0.8799087,10.1693903
-19.2058955,37.8338132,1.2746947,0.8758991,10.2010563
-19.295433,37.7893149,1.2781907,0.8718894,10.2324979
-19.3852296,37.7453302,1.2816867,0.8678797,10.2637177
-19.4752702,37.7018667,1.2851827,0.8638701,10.2947182
-19.5655305,37.658936,1.2886787,0.8598604,10.3255019
-19.6560415,37.6165237,1.2921747,0.8558508,10.3560712
-19.7468001,37.5746313,1.2956849,0.8517867,10.3864285
-19.8378036,37.5332608,1.2992985,0.8473276,10.4165762
-19.9290491,37.4924138,1.302912,0.8428684,10.4465165
-20.0205338,37.4520921,1.3065256,0.8384093,10.4762517
-20.1122549,37.4122975,1.3101392,0.8339501,10.505784
-20.2042094,37.3730316,1.3137528,0.829491,10.5351156
-20.2963946,37.3342964,1.3173664,0.8250318,10.5642487
-20.3887937,37.2960992,1.3209799,0.8205727,10.5931853
-20.4813821,37.2584502,1.3245935,0.8161135,10.6219275
-20.5741923,37.2213368,1.3282071,0.8116544,10.6504774
-20.6672214,37.1847609,1.3318288,0.8072262,10.6788369
-20.7604664,37.1487245,1.3355261,0.8030852,10.7070081
-20.8539244,37.1132294,1.3392233,0.7989442,10.7349928
-20.9475925,37.0782777,1.3429205,0.7948032,10.7626375
-21.0414677,37.0438714,1.3466177,0.7906622,10.789702
-21.1355471,37.0100124,1.3503149,0.7865212,10.8161957
-21.2298278,36.9767026,1.3540121,0.7823802,10.8421278
-21.3242937,36.9439486,1.3577093,0.7782392,10.867507
-21.4189232,36.9117583,1.3614065,0.7740982,10.8923457
-21.5137446,36.8801226,1.3651038,0.7699572,10.9166606
-21.6087546,36.8490435,1.3687186,0.766003,10.9404588
-21.7039501,36.8185229,1.3712993,0.7643946,10.9637476
-21.7993276,36.7885628,1.3738801,0.7627863,10.9865338
-21.8948841,36.7591651,1.3764608,0.7611779,11.0088242
-21.9906162,36.7303318,1.3790415,0.7595695,11.0306254
-22.0865207,36.7020649,1.3816222,0.7579612,11.0519438
-22.1825943,36.6743662,1.3842029,0.7563528,11.0727857
-22.2788248,36.6472403,1.3867836,0.7547444,11.0931573
-22.3751968,36.620691,1.3893643,0.7531361,11.1131718
-22.4717271,36.5947115,1.391945,0.7515277,11.1330829
-22.5684115,36.5693005,1.3944182,0.7501514,11.1528914
-22.6652459,36.544457,1.3948547,0.7531708,11.1725979
-22.7622265,36.5201797,1.3952912,0.7561902,11.192203
-22.8593489,36.4964676,1.3957277,0.7592096,11.211707
-22.9566093,36.4733194,1.3961642,0.762229,11.2311103
-23.0540035,36.450734,1.3966007,0.7652484,11.250413
-23.1515274,36.4287102,1.3970372,0.7682678,11.2696152
-23.2491738,36.4072476,1.3974737,0.7712872,11.2887169
-23.3469346,36.3863453,1.3979102,0.7743066,11.3077721
-23.4448132,36.3659988,1.3983467,0.777326,11.3269049
-23.5428059,36.3462054,1.3987633,0.780305,11.3461139
-23.6409087,36.3269622,1.39845,0.7818013,11.3653979
-23.7391179,36.3082664,1.3981367,0.7832977,11.3847554
-23.8374297,36.2901152,1.3978234,0.784794,11.4041848
-23.9358402,36.2725058,1.3975101,0.7862903,11.4236845
-24.0343456,36.2554352,1.3971968,0.7877867,11.4432529
-24.1329421,36.2389008,1.3968835,0.789283,11.4628882
-24.2316269,36.2228995,1.3965702,0.7907793,11.4825886
-24.3303978,36.2074283,1.396257,0.7922757,11.5023512
-24.4292491,36.1924847,1.3959437,0.793772,11.5221733
-24.5281777,36.1780657,1.395636,0.7952566,11.5420543
-24.6271803,36.1641685,1.3972183,0.7927746,11.5619938
-24.7262539,36.1507901,1.3988007,0.7902926,11.5819912
-24.8253951,36.1379278,1.400383,0.7878105,11.6020458
-24.9246009,36.1255785,1.4019654,0.7853285,11.6221567
-25.023868,36.1137394,1.4035478,0.7828465,11.6423232
-25.1231933,36.1024076,1.4051301,0.7803645,11.6625443
-25.2225763,36.0915799,1.4067125,0.7778825,11.6828191
-25.3220175,36.0812531,1.4082948,0.7754004,11.7031405
-25.421508,36.0714251,1.4098772,0.7729184,11.7234952
-25.5210454,36.0620931,1.4114596,0.7704364,11.7438837
-25.620627,36.0532543,1.4143077,0.7688893,11.7643061
-25.7202501,36.0449059,1.4171826,0.7673619,11.7847626
-25.8199123,36.0370451,1.4200574,0.7658344,11.8052535
-25.9196108,36.0296692,1.4229323,0.764307,11.8257786
-26.0193432,36.0227752,1.4258072,0.7627796,11.8463379
-26.1191068,36.0163605,1.428682,0.7612522,11.8669313
-26.2189012,36.0104221,1.4315569,0.7597248,11.8875586
-26.3187262,36.0049573,1.4344317,0.7581973,11.9081914
-26.4185753,35.9999644,1.4373066,0.7566699,11.9287683
-26.5184462,35.9954413,1.4401814,0.7551425,11.9492541
-26.6183366,35.9913859,1.4413513,0.754591,11.9696229
-26.7182444,35.9877962,1.4424422,0.7540847,11.9898757
-26.8181675,35.9846701,1.4435331,0.7535784,12.0100134
-26.9181036,35.9820056,1.444624,0.7530721,12.0300367
-27.0180505,35.9798005,1.4457149,0.7525658,12.0499468
-27.1180061,35.9780529,1.4468058,0.7520595,12.0697443
-27.217969,35.9767605,1.4478967,0.7515532,12.0894302
-27.3179381,35.9759207,1.4489876,0.7510469,12.1090054
-27.4179098,35.9755291,1.4500785,0.7505406,12.1284707
-27.5178822,35.9755813,1.4511694,0.7500344,12.147827
-27.6178534,35.9760731,1.4488979,0.7516645,12.167075
-27.7178216,35.9770001,1.4463817,0.7534502,12.1862157
-27.817785,35.978358,1.4438655,0.7552359,12.2052497
-27.9177416,35.9801423,1.4413493,0.7570216,12.224178
-28.0176897,35.9823487,1.4388331,0.7588073,12.2430013
-28.1176274,35.984973,1.4363169,0.760593,12.2617204
-28.2175534,35.9880106,1.4338007,0.7623787,12.280336
-28.3174668,35.9914571,1.4312845,0.7641644,12.2988491
-28.4173652,35.9953071,1.4287683,0.7659501,12.3172602
-28.5172473,35.9995552,1.4262521,0.7677358,12.3355702
-28.6171118,36.0041964,1.419971,0.771324,12.3537798
-28.7169576,36.0092252,1.4133111,0.7750936,12.3718898
-28.8167835,36.0146364,1.4066511,0.7788632,12.3899008
-28.9165883,36.0204247,1.3999911,0.7826328,12.4078137
-29.0163708,36.0265848,1.3933311,0.7864024,12.425629
-29.1161297,36.0331114,1.3866711,0.790172,12.4433476
-29.2158644,36.0399994,1.3800111,0.7939416,12.46097
-29.3155743,36.0472435,1.3733511,0.7977112,12.4784971
-29.4152578,36.0548384,1.3666912,0.8014808,12.4959295
-29.5149142,36.0627792,1.3600312,0.8052504,12.5132678
-29.6145429,36.0710607,1.3545123,0.8074061,12.5305127
-29.7141432,36.0796777,1.3491419,0.8093519,12.547665
-29.8137144,36.0886252,1.3437714,0.8112976,12.5647252
-29.913256,36.0978979,1.3384009,0.8132434,12.581694
-30.0127672,36.1074909,1.3330304,0.8151892,12.598572
-30.1122474,36.1173989,1.3276599,0.817135,12.61536
-30.2116961,36.1276169,1.3222894,0.8190808,12.6320584
-30.311113,36.1381397,1.3169189,0.8210266,12.648668
-30.4104976,36.1489624,1.3115484,0.8229724,12.6651893
-30.5098496,36.1600797,1.306178,0.8249182,12.681623
-30.6091689,36.1714866,1.3057325,0.8260982,12.6979697
-30.7084552,36.1831781,1.3060798,0.827155,12.7142299
-30.8077085,36.195149,1.3064272,0.8282117,12.7304043
-30.9069284,36.2073943,1.3067745,0.8292685,12.7464934
-31.0061148,36.219909,1.3071218,0.8303252,12.7624978
-31.1052676,36.2326879,1.3074691,0.831382,12.7784182
-31.2043862,36.2457259,1.3078164,0.8324387,12.794255
-31.3034704,36.259018,1.3081637,0.8334955,12.8100089
-31.4025209,36.2725593,1.308511,0.8345523,12.8256804
-31.5015378,36.2863446,1.3088583,0.835609,12.84127
-31.6005213,36.300369,1.3124464,0.8355959,12.8567783
-31.6994717,36.3146276,1.3166621,0.8353757,12.8722059
-31.798389,36.3291152,1.3208777,0.8351554,12.8875533
-31.8972734,36.3438269,1.3250934,0.8349352,12.9028209
-31.9961253,36.3587578,1.329309,0.8347149,12.9180095
-32.0949446,36.3739027,1.3335247,0.8344946,12.9331194
-32.1937312,36.3892567,1.3377404,0.8342744,12.9481511
-32.2924847,36.4048146,1.341956,0.8340541,12.9631053
-32.3912068,36.4205716,1.3461717,0.8338338,12.9779824
-32.4898978,36.4365229,1.3503873,0.8336136,12.9927829
-32.5885583,36.4526634,1.3537796,0.8311231,13.0075074
-32.6871888,36.4689883,1.3569838,0.8281145,13.0221562
-32.7857897,36.4854925,1.3601881,0.8251058,13.0367299
-32.8843616,36.5021711,1.3633924,0.8220971,13.0512291
-32.982905,36.5190193,1.3665967,0.8190885,13.0656541
-33.0814202,36.536032,1.3698009,0.8160798,13.0800054
-33.1799071,36.5532041,1.3730052,0.8130712,13.0942836
-33.2783656,36.5705307,1.3762095,0.8100625,13.1084891
-33.3767978,36.5880069,1.3794137,0.8070538,13.1226223
-33.4752044,36.605628,1.382618,0.8040452,13.1366837
-33.5735862,36.6233888,1.3842018,0.8013213,13.1506739
-33.6719438,36.6412846,1.3853562,0.7986729,13.1645931
-33.770278,36.6593104,1.3865106,0.7960245,13.1784419
-33.8685895,36.6774612,1.3876651,0.7933761,13.1922208
-33.966879,36.6957321,1.3888195,0.7907277,13.2059301
-34.0651473,36.7141183,1.3899739,0.7880794,13.2195703
-34.1633942,36.7326145,1.3911284,0.785431,13.2331418
-34.26162,36.7512159,1.3922828,0.7827826,13.2466451
-34.3598269,36.769918,1.3934372,0.7801342,13.2600806
-34.4580156,36.7887164,1.3945917,0.7774858,13.2734487
-34.5561869,36.8076063,1.3947615,0.7755746,13.2867498
-34.6543417,36.8265832,1.3946322,0.7738874,13.2999844
-34.7524808,36.8456423,1.3945029,0.7722003,13.3131528
-34.8506051,36.8647792,1.3943736,0.7705131,13.3262555
-34.9487152,36.8839892,1.3942442,0.768826,13.3392929
-35.046812,36.9032676,1.3941149,0.7671388,13.3522653
-35.144896,36.9226097,1.3939856,0.7654516,13.3651732
-35.2429674,36.9420107,1.3938563,0.7637645,13.378017
-35.3410283,36.9614656,1.3937269,0.7620773,13.390797
-35.4390796,36.9809693,1.3935976,0.7603901,13.4035137
-35.5371224,37.0005166,1.392928,0.7592187,13.4161674
-35.6351575,37.0201023,1.3920718,0.7582253,13.4287585
-35.7331861,37.0397215,1.3912156,0.757232,13.4412874
-35.8312092,37.0593689,1.3903594,0.7562386,13.4537545
-35.9292277,37.0790393,1.3895032,0.7552452,13.4661601
-36.0272426,37.0987278,1.388647,0.7542519,13.4785047
-36.1252547,37.1184289,1.3877908,0.7532585,13.4907885
-36.2232655,37.1381339,1.3869346,0.7522651,13.5030119
-36.3212784,37.1578288,1.3860784,0.7512717,13.5151753
-36.4192961,37.1774992,1.3852222,0.7502784,13.5272791
-36.5173218,37.1971306,1.3845221,0.7502836,13.5393236
-36.6153582,37.2167086,1.3838826,0.7506776,13.5513092
-36.7134082,37.2362187,1.3832432,0.7510717,13.5632362
-36.8114748,37.2556466,1.3826038,0.7514657,13.575105
-36.9095609,37.2749776,1.3819644,0.7518597,13.5327175
-37.0076694,37.2941974,1.3813249,0.7522537,13.4340729
-37.105802,37.3132913,1.3806855,0.7526478,13.3368669
-37.2039604,37.332244,1.3800461,0.7530418,13.2411787
-37.3021494,37.3510404,1.3794067,0.7534358,13.1469787
-37.4003714,37.3696644,1.3787673,0.7538298,13.0542378
-37.498629,37.3881003,1.3769815,0.7538858,12.9629277
-37.5969246,37.4063323,1.3746955,0.7537942,12.8730209
-37.6952609,37.4243445,1.3724095,0.7537025,12.7844903
-37.7936401,37.442121,1.3701235,0.7536109,12.6973093
-37.892065,37.4596461,1.3678375,0.7535193,12.611452
-37.9905379,37.4769039,1.3655515,0.7534277,12.5268929
-38.0890595,37.4938783,1.3632655,0.7533361,12.4435476
-38.1876302,37.5105535,1.3609795,0.7532445,12.3612895
-38.2862542,37.5269155,1.3586935,0.7531528,12.2800969
-38.3849325,37.5429493,1.3564075,0.7530612,12.1999486
-38.483666,37.5586403,1.3521894,0.7562484,12.1208235
-38.5824555,37.5739736,1.3470307,0.7610318,12.0427009
-38.681302,37.5889344,1.3418719,0.7658152,11.9655601
-38.7802064,37.6035081,1.3367132,0.7705986,11.8893805
-38.8791694,37.6176797,1.3315544,0.775382,11.8141417
-38.9781921,37.6314346,1.3263956,0.7801655,11.7398231
-39.0772741,37.6447578,1.3212369,0.7849489,11.6664292
-39.1764146,37.6576341,1.3160781,0.7897323,11.5939855
-39.2756148,37.6700481,1.3109194,0.7945157,11.5224757
-39.3748735,37.6819843,1.3057606,0.7992991,11.4518838
-39.4741899,37.6934271,1.2986955,0.8052456,11.3821937
-39.5735627,37.7043608,1.2905992,0.8118211,11.3133892
-39.672991,37.7147698,1.2825029,0.8183967,11.2454542
-39.7724738,37.7246385,1.2744067,0.8249722,11.1783723
-39.8720099,37.7339513,1.2663104,0.8315478,11.1121269
-39.9715984,37.7426926,1.2582141,0.8381233,11.0467011
-40.0712385,37.7508467,1.2501178,0.8446988,10.9820644
-40.1709284,37.7583982,1.2420216,0.8512744,10.9181818
-40.2706637,37.7653314,1.2339253,0.8578499,10.8550427
-40.3704406,37.7716308,1.225829,0.8644255,10.7926365
-40.4702551,37.777281,1.215832,0.8736473,10.7309521
-40.5701034,37.7822663,1.2046963,0.8844544,10.6699782
-40.6699817,37.7865714,1.1935607,0.8952615,10.609703
-40.7698862,37.7901808,1.182425,0.9060686,10.5501142
-40.8698129,37.7930788,1.1712893,0.9168757,10.4911988
-40.9697581,37.79525,1.1601537,0.9276828,10.4329433
-41.0697205,37.7966789,1.149018,0.9384899,10.3753302
-41.1696968,37.79735,1.1378824,0.949297,10.3183469
-41.2696753,37.7972477,1.1267467,0.9601041,10.2619888
-41.3696486,37.7963565,1.115611,0.9709112,10.2062507
-41.4696094,37.7946611,1.1037382,0.9826027,10.1511266
-41.5695504,37.7921459,1.0913775,0.9948794,10.09661
-41.6694644,37.7887955,1.0790168,1.0071561,10.0426936
-41.7693439,37.7845945,1.0666562,1.0194329,9.9893693
-41.8691817,37.7795273,1.0542955,1.0317096,9.9366277
-41.9689705,37.7735785,1.0419348,1.0439863,9.8844586
-42.0687071,37.7667323,1.0295742,1.056263,9.8328424
-42.1683853,37.7589732,1.0172135,1.0685398,9.7817637
-42.2679868,37.7502867,1.0048528,1.0808165,9.7312241
-42.3674999,37.7406577,0.9924921,1.0930932,9.6812245
-42.4669131,37.7300715,0.9805512,1.1038444,9.6317649
-42.566215,37.7185131,0.9689165,1.1134826,9.582844
-42.665394,37.7059675,0.9572819,1.1231208,9.5344595
-42.7644385,37.6924199,0.9456472,1.132759,9.4866079
-42.8633371,37.6778552,0.9340125,1.1423972,9.4392842
-42.9620782,37.6622586,0.9223778,1.1520354,9.3924817
-43.0606529,37.6456148,0.9107431,1.1616736,9.3462108
-43.1590495,37.6279084,0.8991085,1.1713118,9.300507
-43.2572467,37.6091257,0.8874738,1.18095,9.2553814
-43.3552278,37.5892522,0.8758391,1.1905883,9.2108441
-43.4529758,37.5682735,0.8657065,1.1989676,9.1669037
-43.5504741,37.5461749,0.8567804,1.2063359,9.1235675
-43.6477058,37.522942,0.8478543,1.2137041,9.0808413
-43.7446542,37.4985603,0.8389282,1.2210724,9.0387291
-43.8413023,37.4730152,0.830002,1.2284407,8.9972332
-43.9376336,37.4462923,0.8210759,1.2358089,8.9563536
-44.0336287,37.4183777,0.8121498,1.2431772,8.9160598
-44.1292669,37.3892586,0.8032237,1.2505454,8.8763243
-44.2245287,37.3589222,0.7942976,1.2579137,8.8371728
-44.3193906,37.3273569,0.7853714,1.265282,8.7986294
-44.4138292,37.2945509,0.7795329,1.2719588,8.7607171
-44.5078212,37.2604926,0.7764218,1.2780249,8.7234571
-44.6013431,37.2251705,0.7733106,1.284091,8.6868687
-44.6943716,37.1885726,0.7701995,1.2901571,8.6509694
-44.7868832,37.1506876,0.7670883,1.2962233,8.6157744
-44.8788545,37.1115036,0.7639772,1.3022894,8.5812961
-44.9702543,37.0710126,0.7608661,1.3083555,8.5473418
-45.0610531,37.029209,0.7577549,1.3144216,8.513619
-45.1512363,36.9860836,0.7546438,1.3204877,8.4801572
-45.2407769,36.9416331,0.7515326,1.3265538,8.446984
-45.3296474,36.8958542,0.7501161,1.3310517,8.4141254
-45.4178207,36.8487435,0.7503448,1.3340268,8.3816051
-45.5052696,36.8002977,0.7505735,1.337002,8.3494451
-45.5919669,36.7505135,0.7508023,1.3399772,8.3176645
-45.6778853,36.6993876,0.751031,1.3429524,8.2862801
-45.7629975,36.6469166,0.7512597,1.3459276,8.255306
-45.8472634,36.5931055,0.7514885,1.3489028,8.2249102
-45.9306441,36.5379574,0.7517172,1.351878,8.1953881
-46.0131222,36.4814576,0.7519459,1.3548531,8.166812
-46.0946592,36.4236045,0.7521747,1.3578283,8.1392531
-46.1752166,36.3643965,0.7526986,1.3615401,8.112781
-46.2547561,36.303832,0.7535374,1.3660378,8.0874636
-46.3332393,36.2419092,0.7543762,1.3705354,8.0633669
-46.4106276,36.1786266,0.755215,1.3750331,8.0405543
-46.4868827,36.1139826,0.7560538,1.3795308,8.0190862
-46.5619662,36.0479755,0.7568927,1.3840285,7.9990198
-46.6358429,35.9806008,0.7577315,1.3885262,7.979829
-46.7084772,35.9118643,0.7585703,1.3930239,7.9606919
-46.7798278,35.8417905,0.7594091,1.3975216,7.9416928
-46.8498591,35.7704003,0.7602479,1.4020192,7.9229161
-46.9185351,35.6977143,0.7602095,1.4061484,7.9044468
-46.98582,35.6237533,0.7591419,1.4098453,7.8863698
-47.0516781,35.548538,0.7580744,1.4135421,7.86877
-47.1160734,35.4720893,0.7570068,1.417239,7.8517322
-47.1789701,35.3944277,0.7559393,1.4209359,7.8353408
-47.2403325,35.3155741,0.7548717,1.4246328,7.8196796
-47.3001403,35.2355285,0.7538041,1.4283296,7.803987
-47.3583812,35.1543053,0.7527366,1.4320265,7.7888122
-47.415031,35.071974,0.751669,1.4357234,7.7760682
-47.4700923,34.9885722,0.7506015,1.4394202,7.7656426
-47.5235672,34.9041374,0.75,1.4414322,7.7574215
-47.5754583,34.818707,0.75,1.4412699,7.7512902
-47.6257678,34.7323187,0.75,1.4411075,7.7471339
-47.6744982,34.6450099,0.75,1.4409451,7.7448377
-47.7216518,34.5568182,0.75,1.4407827,7.7442877
-47.7672309,34.467781,0.75,1.4406204,7.7453703
-47.8112102,34.3779934,0.75,1.440458,7.7479737
-47.8535748,34.2875216,0.75,1.4402956,7.7514673
-47.894357,34.1963064,0.75,1.4401333,7.7549737
-47.9335449,34.1043758,0.75,1.4399709,7.758451
-47.9711264,34.011758,0.751224,1.439015,7.7618589
-48.0070894,33.9184809,0.754188,1.4369312,7.7651588
-48.041422,33.8245729,0.7571519,1.4348473,7.7683133
-48.0741121,33.7300618,0.7601158,1.4327635,7.7712869
-48.1051476,33.6349759,0.7630797,1.4306797,7.7740459
-48.1345166,33.5393433,0.7660436,1.4285959,7.7765581
-48.1621914,33.443249,0.7690075,1.426512,7.7787932
-48.188164,33.3467591,0.7719715,1.4244282,7.7814731
-48.2124726,33.2498172,0.7749354,1.4223444,7.7857415
-48.2351295,33.1524581,0.7778993,1.4202605,7.7914926
-48.2561468,33.0547161,0.7811824,1.4173274,7.7986217
-48.2755367,32.9566259,0.7849661,1.4130625,7.8070257
-48.2933114,32.8582222,0.7887498,1.4087976,7.8166027
-48.3094832,32.7595393,0.7925335,1.4045327,7.8272527
-48.3240641,32.6606121,0.7963172,1.4002677,7.838877
-48.3370665,32.561475,0.8001009,1.3960028,7.8513789
-48.348505,32.4621398,0.8038846,1.3917379,7.8646633
-48.3584017,32.3626179,0.8076683,1.3874729,7.8792554
-48.3667864,32.2629715,0.811452,1.383208,7.8962011
-48.3736945,32.1632217,0.8152357,1.3789431,7.9154262
-48.3791618,32.0633898,0.8189325,1.3735861,7.9368553
-48.3832239,31.9634968,0.8224788,1.3663358,7.9604125
-48.3859164,31.8635641,0.826025,1.3590855,7.9860218
-48.3872751,31.7636127,0.8295713,1.3518351,8.0136077
-48.3873355,31.663664,0.8331175,1.3445848,8.043096
-48.3861332,31.5637389,0.8366638,1.3373345,8.0744136
-48.3837025,31.4638114,0.8402101,1.3300841,8.1074892
-48.3800691,31.3638534,0.8437563,1.3228338,8.1418142
-48.3752547,31.263966,0.8473026,1.3155835,8.1765086
-48.3692786,31.1641577,0.8508489,1.3083331,8.211584
-48.3621602,31.0644374,0.8546582,1.3015604,8.2470497
-48.3539186,30.9648134,0.8589734,1.295706,8.2829127
-48.3445732,30.8652945,0.8632886,1.2898516,8.3191778
-48.3341433,30.7658892,0.8676038,1.2839971,8.3558481
-48.3226481,30.6666061,0.871919,1.2781427,8.392925
-48.3101069,30.567454,0.8762341,1.2722883,8.4304081
-48.2965374,30.4684298,0.8805493,1.2664339,8.468296
-48.2819542,30.3695304,0.8848645,1.2605794,8.5064071
-48.2663733,30.2707851,0.8891797,1.254725,8.5443916
-48.2498073,30.1722005,0.8934949,1.2488706,8.5822647
-48.2322688,30.0737832,0.89946,1.2420118,8.6200401
-48.2137704,29.9755399,0.9089541,1.233005,8.6577297
-48.1943247,29.8774771,0.9184483,1.2239981,8.6953441
-48.1739444,29.7796016,0.9279425,1.2149912,8.7328927
-48.152642,29.6819197,0.9374366,1.2059844,8.7703832
-48.1304302,29.5844383,0.9469308,1.1969775,8.8078225
-48.107324,29.4871733,0.9564249,1.1879706,8.8452161
-48.0833399,29.3901391,0.9659191,1.1789638,8.8827104
-48.0584901,29.2933198,0.9754132,1.1699569,8.9205967
-48.0327912,29.196718,0.9849074,1.16095,8.9588789
-48.0062597,29.1003363,0.9955956,1.1501371,8.9975601
-47.9789123,29.0041775,1.0091375,1.1350078,9.0366424
-47.9507655,28.9082442,1.0226795,1.1198785,9.0761271
-47.921836,28.8125391,1.0362215,1.1047492,9.1160148
-47.8921404,28.7170648,1.0497635,1.0896199,9.1557758
-47.8616953,28.6218241,1.0633054,1.0744906,9.1952065
-47.8305195,28.5268266,1.0768474,1.0593613,9.2343117
-47.7986311,28.4320818,1.0903894,1.044232,9.2730962
-47.7660385,28.3375758,1.1039314,1.0291027,9.3115646
-47.7327546,28.2433094,1.1174733,1.0139734,9.3497214
-47.6987924,28.1492834,1.1309479,0.9991145,9.3875711
-47.664165,28.0554985,1.1442414,0.9849812,9.4251179
-47.6288851,27.9619554,1.157535,0.9708479,9.4623661
-47.5929659,27.868655,1.1708285,0.9567147,9.4993198
-47.5564204,27.7755979,1.1841221,0.9425814,9.5359829
-47.5192613,27.6827849,1.1974157,0.9284481,9.5723595
-47.4815006,27.5902137,1.2107092,0.9143149,9.6084533
-47.4431495,27.4978808,1.2240028,0.9001816,9.6442682
-47.4042236,27.4057911,1.2372963,0.8860483,9.6798077
-47.3647355,27.3139429,1.2505899,0.8719151,9.7150755
-47.324698,27.2223345,1.262312,0.8591942,9.7500751
-47.2841239,27.1309642,1.2692639,0.850761,9.7848099
-47.2430259,27.0398304,1.2762157,0.8423277,9.8192833
-47.2014169,26.9489313,1.2831675,0.8338945,9.8534986
-47.1593095,26.8582653,1.2901194,0.8254613,9.887459
-47.1167165,26.7678307,1.2970712,0.817028,9.9211677
-47.0736461,26.677616,1.3040231,0.8085948,9.9546278
-47.0301074,26.5876065,1.3109749,0.8001616,9.9878423
-46.986128,26.4978164,1.3179268,0.7917284,10.0208142
-46.9417261,26.4082384,1.3248786,0.7832951,10.0535464
-46.8969196,26.3188654,1.3312855,0.7762172,10.0860418
-46.8517266,26.2296903,1.3358065,0.7738296,10.1183031
-46.8061652,26.1407059,1.3403275,0.7714419,10.1503332
-46.7602535,26.0519052,1.3448486,0.7690542,10.1821347
-46.7140094,25.9632809,1.3493696,0.7666665,10.2137103
-46.667451,25.8748259,1.3538906,0.7642788,10.2450625
-46.620591,25.786523,1.3584116,0.7618911,10.276194
-46.5734401,25.6983525,1.3629327,0.7595035,10.3071071
-46.5260261,25.6103284,1.3674537,0.7571158,10.3378044
-46.478365,25.5224422,1.3719747,0.7547281,10.3682883
-46.4304726,25.4346854,1.3759339,0.7527629,10.3985612
-46.382365,25.3470497,1.3776538,0.7524817,10.4286253
-46.3340582,25.2595265,1.3793737,0.7522004,10.4584829
-46.2855679,25.1721075,1.3810936,0.7519191,10.4881364
-46.2369103,25.0847842,1.3828135,0.7516378,10.5175878
-46.1881013,24.9975482,1.3845335,0.7513566,10.5468394
-46.1391534,24.9103853,1.3862534,0.7510753,10.5758934
-46.0900758,24.8232815,1.3879733,0.750794,10.6047517
-46.0408841,24.7362447,1.3896932,0.7505128,10.6334164
-45.9915861,24.6492702,1.3914131,0.7502315,10.6618896
-45.9421897,24.5623532,1.3927644,0.75,10.6901732
-45.8927029,24.475489,1.3924013,0.75,10.7182693
-45.8431336,24.388673,1.3920382,0.75,10.7461797
-45.7934898,24.3019005,1.3916751,0.75,10.7739063
-45.7437793,24.2151668,1.391312,0.75,10.801451
-45.6940101,24.1284671,1.3909489,0.75,10.8288156
-45.6441895,24.0417957,1.3905858,0.75,10.8560019
-45.594323,23.9551476,1.3902227,0.75,10.8830117
-45.544416,23.8685228,1.3898597,0.75,10.9098468
-45.4944722,23.7819195,1.3894966,0.75,10.9365088
-45.4444951,23.6953353,1.3894727,0.7500581,10.9629994
-45.3944884,23.6087684,1.3913208,0.7504369,10.9893204
-45.3444559,23.5222165,1.393169,0.7508156,11.0154733
-45.2944011,23.4356775,1.3950172,0.7511944,11.0414598
-45.2443278,23.3491494,1.3968653,0.7515732,11.0672814
-45.1942395,23.2626302,1.3987135,0.751952,11.0929397
-45.1441401,23.1761177,1.4005617,0.7523307,11.1184363
-45.0940311,23.089611,1.4024099,0.7527095,11.1437727
-45.0439113,23.0031107,1.404258,0.7530883,11.1689504
-44.9937789,22.9166176,1.4061062,0.753467,11.1939708
-44.9436323,22.8301325,1.4077173,0.7537475,11.2188355
-44.89347,22.7436563,1.4077385,0.7533687,11.2435457
-44.8432902,22.6571898,1.4077598,0.7529899,11.2681031
-44.7930913,22.5707338,1.407781,0.7526112,11.2925089
-44.7428717,22.4842892,1.4078022,0.7522324,11.3167645
-44.6926298,22.3978568,1.4078235,0.7518536,11.3408713
-44.6423651,22.3114394,1.4078447,0.7514749,11.3648306
-44.5920715,22.2250436,1.407866,0.7510961,11.3886438
-44.5417304,22.1386744,1.4078872,0.7507173,11.4123121
-44.491325,22.0523419,1.4079085,0.7503385,11.4358368
-44.4408384,21.966056,1.4077995,0.7500345,11.4592191
-44.3902539,21.8798265,1.4065938,0.7503591,11.4824604
-44.3395544,21.7936634,1.4053881,0.7506838,11.5055618
-44.2887231,21.7075765,1.4041825,0.7510085,11.5285246
-44.2377432,21.6215759,1.4029768,0.7513331,11.5513499
-44.1865978,21.5356713,1.4017712,0.7516578,11.574039
-44.1352731,21.449878,1.4005655,0.7519825,11.596593
-44.0837566,21.3642112,1.3993598,0.7523071,11.619013
-44.0320273,21.27867,1.3981542,0.7526318,11.6413002
-43.980071,21.1932644,1.3969485,0.7529565,11.6634557
-43.9278731,21.1080041,1.395566,0.7535901,11.6854807
-43.8754193,21.0228989,1.3922194,0.7576563,11.7073761
-43.8226952,20.9379588,1.3888728,0.7617225,11.7291431
-43.7696865,20.8531934,1.3855262,0.7657886,11.7507827
-43.7163787,20.7686126,1.3821796,0.7698548,11.7478562
-43.6627575,20.6842263,1.378833,0.7739209,11.6669842
-43.6088136,20.6000523,1.3754864,0.7779871,11.5872663
-43.5545384,20.516109,1.3721398,0.7820532,11.5086875
-43.4999083,20.4323921,1.3687932,0.7861194,11.431226
-43.44491,20.3489133,1.3654466,0.7901855,11.3548599
-43.3895302,20.2656843,1.3617738,0.7944972,11.2795679
-43.3337558,20.1827169,1.3528991,0.8027247,11.2053285
-43.2775733,20.1000228,1.3440244,0.8109523,11.1321207
-43.2209696,20.0176137,1.3351496,0.8191798,11.059923
-43.1639313,19.9355015,1.3262749,0.8274074,10.9887141
-43.1064452,19.8536978,1.3174001,0.8356349,10.9184723
-43.0485037,19.7722223,1.3085254,0.8438624,10.8491852
-42.9901001,19.6910956,1.2996506,0.85209,10.7808546
-42.9312112,19.6103161,1.2907759,0.8603175,10.7134662
-42.8718253,19.5298979,1.2819011,0.868545,10.6470055
-42.8119309,19.4498556,1.2728922,0.8769176,10.581458
-42.7515162,19.3702035,1.2602257,0.8892425,10.5168088
-42.6905694,19.290956,1.2475593,0.9015675,10.4530427
-42.629079,19.2121274,1.2348928,0.9138924,10.3901441
-42.5670332,19.1337321,1.2222264,0.9262173,10.3280968
-42.5044203,19.0557845,1.2095599,0.9385423,10.266884
-42.4412342,18.9783056,1.1968935,0.9508672,10.2065033
-42.3774701,18.9013182,1.184227,0.9631921,10.1469766
-42.3131073,18.8248259,1.1715606,0.975517,10.0882987
-42.2481363,18.7488467,1.1588942,0.987842,10.0304635
-42.1825478,18.6733984,1.1462113,1.0001887,9.9734647
-42.1163323,18.5984989,1.1321511,1.0143645,9.9172953
-42.0494806,18.524166,1.1180909,1.0285402,9.8619475
-41.9819832,18.4504176,1.1040308,1.0427159,9.8074126
-41.9138308,18.3772716,1.0899706,1.0568917,9.7536811
-41.8450139,18.3047459,1.0759105,1.0710674,9.7007419
-41.7755276,18.2328627,1.0618503,1.0852431,9.6485846
-41.7053691,18.1616466,1.0477902,1.0994189,9.597213
-41.6345234,18.0911093,1.03373,1.1135946,9.5466337
-41.5629851,18.0212728,1.0196698,1.1277703,9.4968526
-41.4907486,17.952159,1.0056097,1.141946,9.4478748
-41.4178084,17.8837898,0.9958041,1.1546883,9.3997046
-41.3441591,17.8161871,0.9860494,1.1674135,9.3523448
-41.2697952,17.7493728,0.9762946,1.1801387,9.3057972
-41.1947112,17.6833687,0.9665398,1.1928639,9.2600621
-41.1189016,17.6181969,0.9567851,1.205589,9.2151378
-41.0423615,17.5538797,0.9470303,1.2183142,9.171018
-40.9650882,17.4904411,0.9372755,1.2310394,9.1277092
-40.8870799,17.4279059,0.9275208,1.2437646,9.0852342
-40.8083365,17.3663003,0.917766,1.2564897,9.0436151
-40.7288577,17.3056505,0.9080113,1.2692149,9.0028728
-40.6486435,17.2459825,0.9000783,1.278006,8.9630268
-40.5676937,17.1873226,0.8922121,1.2866528,8.9240953
-40.4860083,17.1296969,0.884346,1.2952995,8.8860946
-40.4035869,17.0731315,0.8764798,1.3039463,8.8490392
-40.3204296,17.0176527,0.8686136,1.312593,8.8129414
-40.2365294,16.9632823,0.8607475,1.3212398,8.7777903
-40.1518797,16.9100425,0.8528813,1.3298865,8.7435755
-40.0665046,16.8579744,0.8450152,1.3385332,8.7103504
-39.9804128,16.8071087,0.837149,1.34718,8.6781674
-39.8936127,16.7574763,0.8292829,1.3558267,8.6470785
-39.8061132,16.7091079,0.8231919,1.3609189,8.6171343
-39.7179227,16.6620345,0.8172123,1.3657882,8.5883843
-39.62905,16.6162867,0.8112326,1.3706576,8.5608766
-39.5395036,16.5718954,0.805253,1.3755269,8.5346571
-39.4492921,16.5288913,0.7992733,1.3803962,8.5097699
-39.3584053,16.4872968,0.7932937,1.3852656,8.4859532
-39.2668278,16.447129,0.787314,1.3901349,8.4625318
-39.174625,16.4084327,0.7813343,1.3950042,8.4395557
-39.0818168,16.3712308,0.7753547,1.3998735,8.4170741
-38.9884233,16.3355462,0.769375,1.4047429,8.3951349
-38.8944644,16.3014019,0.767153,1.407462,8.3737848
-38.7999602,16.2688205,0.7652694,1.4099876,8.3530691
-38.7049307,16.2378252,0.7633857,1.4125131,8.3330312
-38.6093959,16.2084387,0.761502,1.4150387,8.3137128
-38.5133757,16.1806839,0.7596184,1.4175643,8.2951534
-38.4168799,16.154581,0.7577347,1.4200898,8.2771273
-38.3199174,16.130147,0.755851,1.4226154,8.2590621
-38.2225435,16.1074043,0.7539674,1.4251409,8.2410168
-38.124789,16.0863677,0.7520837,1.4276665,8.2230504
-38.026685,16.067052,0.7502,1.4301921,8.205222
-37.9282625,16.0494723,0.75,1.4312397,8.1875904
-37.8295523,16.0336432,0.75,1.4321118,8.1702143
-37.7305854,16.0195797,0.75,1.4329839,8.1531518
-37.6313929,16.0072967,0.75,1.433856,8.1364606
-37.5320056,15.996809,0.75,1.4347281,8.1201976
-37.4324377,15.9881299,0.75,1.4356002,8.1039019
-37.3326966,15.981261,0.75,1.4364722,8.0880954
-37.2328522,15.9761859,0.75,1.4373443,8.074839
-37.1329345,15.9728824,0.75,1.4382164,8.0640032
-37.0329734,15.9713281,0.75,1.4390885,8.0554587
-36.9329989,15.9715009,0.7508684,1.4387839,8.0490773
-36.833041,15.9733785,0.7518663,1.4383038,8.0447321
-36.7331296,15.9769386,0.7528642,1.4378237,8.0422975
-36.6332948,15.9821589,0.753862,1.4373436,8.04165
-36.5335665,15.9890172,0.7548599,1.4368635,8.0426678
-36.43396,15.9974926,0.7558578,1.4363833,8.0452314
-36.334484,16.0075708,0.7568557,1.4359032,8.0488959
-36.2351932,16.0192401,0.7578536,1.4354231,8.0528513
-36.1361089,16.0324926,0.7588515,1.434943,8.0570731
-36.0372526,16.0473202,0.7598494,1.4344629,8.0615365
-35.9386455,16.0637147,0.7594337,1.4338674,8.0662168
-35.840309,16.0816681,0.7587619,1.4332509,8.0710889
-35.7422644,16.1011722,0.7580901,1.4326345,8.0761281
-35.6445329,16.1222191,0.7574183,1.432018,8.0813095
-35.5471359,16.1448005,0.7567465,1.4314015,8.0866083
-35.4501132,16.1689036,0.7560747,1.4307851,8.0920002
-35.3535071,16.1945131,0.7554028,1.4301686,8.0975028
-35.2573018,16.2216282,0.754731,1.4295522,8.1031706
-35.1615207,16.2502385,0.7540592,1.4289357,8.1089622
-35.0661874,16.2803337,0.7533874,1.4283193,8.114837
-34.9713252,16.3119036,0.7530001,1.4286304,8.1207554
-34.8769577,16.3449377,0.7526741,1.4291411,8.1266785
-34.7831081,16.3794258,0.752348,1.4296518,8.1325683
-34.6898001,16.4153575,0.7520219,1.4301625,8.1383881
-34.5970569,16.4527226,0.7516958,1.4306732,8.1441017
-34.504917,16.4915041,0.7513697,1.4311838,8.1496743
-34.4134105,16.5316729,0.7510437,1.4316945,8.1560421
-34.3225087,16.5732035,0.7507176,1.4322052,8.1651375
-34.2322128,16.6160558,0.7503915,1.4327159,8.1768668
-34.1425238,16.66019,0.7500654,1.4332265,8.1911361
-34.0534426,16.7055662,0.7518086,1.4321213,8.2078518
-33.9649704,16.7521445,0.754071,1.4306105,8.2269211
-33.877108,16.799885,0.7563334,1.4290997,8.2482528
-33.7898566,16.8487479,0.7585958,1.427589,8.2717573
-33.7032171,16.8986933,0.7608583,1.4260782,8.2973473
-33.6172,16.9496758,0.7631207,1.4245674,8.324938
-33.5318127,17.0016539,0.7653831,1.4230567,8.3542549
-33.4470312,17.0546104,0.7676455,1.4215459,8.3848688
-33.3628498,17.1085176,0.7699079,1.4200352,8.4167602
-33.2792628,17.1633479,0.7721703,1.4185244,8.4499087
-33.1962648,17.2190734,0.7798004,1.4109514,8.4842929
-33.1138499,17.2756665,0.7889816,1.4016267,8.5198908
-33.0320126,17.3330995,0.7981628,1.3923019,8.55668
-32.9507473,17.3913447,0.807344,1.3829771,8.5946381
-32.8700483,17.4503743,0.8165252,1.3736523,8.6337427
-32.7899138,17.5101578,0.8257064,1.3643276,8.6739715
-32.7103389,17.5706644,0.8348876,1.3550028,8.7154449
-32.631302,17.6318725,0.8440688,1.345678,8.7584374
-32.5527892,17.6937544,0.85325,1.3363533,8.8012702
-32.4747866,17.7562826,0.8624312,1.3270285,8.8437251
-32.39728,17.8194297,0.8757451,1.3121909,8.8858081
-32.3202554,17.8831681,0.8904204,1.2955373,8.9275252
-32.243699,17.9474702,0.9050957,1.2788837,8.9688821
-32.1675966,18.0123086,0.9197711,1.2622301,9.0098845
-32.0919342,18.0776558,0.9344464,1.2455765,9.0505379
-32.0166928,18.1434887,0.9491217,1.228923,9.0908476
-31.9418507,18.2097852,0.963797,1.2122694,9.1308188
-31.8673976,18.276511,0.9784724,1.1956158,9.1704565
-31.7933127,18.3436406,0.9931477,1.1789622,9.2097658
-31.7195751,18.4111486,1.007823,1.1623086,9.2487513
-31.646164,18.4790098,1.0245918,1.1457207,9.2874179
-31.5730584,18.5471987,1.0421404,1.1291572,9.3257701
-31.5002376,18.6156899,1.059689,1.1125938,9.3638123
-31.4276805,18.6844581,1.0772375,1.0960303,9.4015491
-31.3553665,18.7534779,1.0947861,1.0794668,9.4389845
-31.283269,18.8227291,1.1123347,1.0629034,9.4761229
-31.2113608,18.8921918,1.1298833,1.0463399,9.5129682
-31.1396282,18.9618311,1.1474318,1.0297764,9.5495245
-31.0680467,19.0316223,1.1649804,1.0132129,9.5857956
-30.9965919,19.1015409,1.182529,0.9966495,9.6217854
-30.9252393,19.1715622,1.198957,0.979855,9.6574976
-30.8539644,19.2416616,1.2149162,0.9629638,9.6929358
-30.7827427,19.3118145,1.2308754,0.9460726,9.7281036
-30.7115498,19.3819963,1.2468346,0.9291815,9.7630045
-30.6403611,19.4521823,1.2627938,0.9122903,9.7976418
-30.569151,19.5223492,1.278753,0.8953992,9.832019
-30.4978963,19.5924759,1.2947122,0.878508,9.8661393
-30.4265812,19.6625407,1.3106714,0.8616168,9.9000058
-30.3551879,19.732525,1.3266305,0.8447257,9.9336219
-30.2836984,19.8024099,1.3425897,0.8278345,9.9669904
-30.2120948,19.8721766,1.3532797,0.8175278,10.0001145
-30.1403593,19.9418064,1.3615061,0.8102995,10.032997
-30.068474,20.0112804,1.3697326,0.8030712,10.0656409
-29.9964209,20.0805799,1.377959,0.795843,10.0980491
-29.9241822,20.1496861,1.3861855,0.7886147,10.1302242
-29.8517395,20.2185807,1.3944119,0.7813864,10.1621691
-29.7790774,20.2872471,1.4026383,0.7741582,10.1938864
-29.7061861,20.3556708,1.4108648,0.7669299,10.2253788
-29.6330552,20.4238379,1.4190912,0.7597017,10.2566487
-29.5596743,20.4917347,1.4273176,0.7524734,10.2876988
-29.4860331,20.5593477,1.4286402,0.75,10.3185315
-29.4121211,20.6266631,1.4263715,0.75,10.3491493
-29.3379281,20.6936672,1.4241027,0.75,10.3795545
-29.2634437,20.7603463,1.421834,0.75,10.4097496
-29.1886575,20.8266868,1.4195653,0.75,10.4397368
-29.113559,20.892675,1.4172966,0.75,10.4695183
-29.03814,20.9582988,1.4150279,0.75,10.4990965
-28.9623957,21.0235478,1.4127592,0.75,10.5284735
-28.8863215,21.0884118,1.4104904,0.75,10.5576515
-28.8099125,21.1528807,1.4082217,0.75,10.5866325
-28.7331642,21.2169445,1.4054894,0.7508698,10.6154187
-28.6560718,21.2805931,1.4024896,0.7522411,10.6440121
-28.5786307,21.3438164,1.3994899,0.7536125,10.6724146
-28.500836,21.4066043,1.3964901,0.7549839,10.7006284
-28.4226832,21.4689467,1.3934904,0.7563553,10.7286553
-28.3441683,21.5308329,1.3904906,0.7577266,10.756427
-28.2652886,21.5922528,1.3874908,0.759098,10.7826417
-28.1860408,21.6531986,1.3844911,0.7604694,10.8075202
-28.1064235,21.7136613,1.3814913,0.7618408,10.8310802
-28.0264351,21.773632,1.3784916,0.7632121,10.853339
-27.946074,21.8331018,1.3778242,0.763591,10.8743144
-27.8653386,21.8920617,1.3786443,0.763337,10.894024
-27.7842275,21.9505029,1.3794643,0.7630831,10.9124855
-27.7027391,22.0084163,1.3802843,0.7628291,10.9297169
-27.6208717,22.0657931,1.3811043,0.7625751,10.9457364
-27.538624,22.1226244,1.3819243,0.7623211,10.9605623
-27.4559954,22.1789023,1.3827443,0.7620671,10.9743631
-27.3729876,22.23462,1.3835643,0.7618131,10.9874277
-27.2896025,22.2897713,1.3843843,0.7615591,10.9997644
-27.2058415,22.3443496,1.3852043,0.7613051,11.0113814
-27.1217065,22.3983485,1.3850676,0.7605443,11.022287
-27.0371992,22.4517615,1.384258,0.7594269,11.0324896
-26.9523211,22.5045823,1.3834483,0.7583095,11.0419977
-26.8670741,22.5568042,1.3826387,0.7571921,11.0508199
-26.7814598,22.608421,1.381829,0.7560747,11.0589648
-26.6954804,22.6594259,1.3810193,0.7549574,11.0664414
-26.6091396,22.7098151,1.3802097,0.75384,11.073593
-26.5224424,22.7595897,1.3794,0.7527226,11.0810257
-26.4353949,22.8087506,1.3785904,0.7516052,11.0887317
-26.3480031,22.8572985,1.3777807,0.7504878,11.0967033
-26.2602728,22.9052343,1.3756382,0.7501157,11.1049327
-26.1722102,22.9525589,1.3724628,0.750321,11.1134121
-26.0838212,22.9992731,1.3692875,0.7505263,11.1221337
-25.9951117,23.0453778,1.3661121,0.7507316,11.1310899
-25.9060879,23.0908737,1.3629368,0.7509369,11.1402728
-25.816758,23.1357607,1.3597614,0.7511422,11.1496746
-25.7271297,23.1800393,1.3565861,0.7513476,11.1593353
-25.6372048,23.2237138,1.3534107,0.7515529,11.1693326
-25.5469892,23.2667864,1.3502354,0.7517582,11.1796587
-25.4564887,23.3092593,1.34706,0.7519635,11.190306
-25.3657091,23.3511348,1.343334,0.7538301,11.2012667
-25.2746562,23.3924152,1.3391387,0.757113,11.2125331
-25.1833361,23.4331026,1.3349434,0.7603958,11.2240973
-25.0917543,23.4731994,1.3307481,0.7636787,11.2359517
-24.9999169,23.5127078,1.3265527,0.7669615,11.2480884
-24.907831,23.5516295,1.3223574,0.7702443,11.2604999
-24.8155037,23.5899671,1.3181621,0.7735272,11.2732657
-24.7229381,23.6277264,1.3139667,0.77681,11.2865321
-24.63014,23.6649119,1.3097714,0.7800929,11.3002904
-24.5371151,23.7015281,1.3055761,0.7833757,11.3145319
-24.4438692,23.7375798,1.2996854,0.7879827,11.329248
-24.350408,23.7730715,1.292206,0.7938306,11.34443
-24.2567373,23.8080078,1.2847265,0.7996785,11.3600692
-24.1628628,23.8423934,1.2772471,0.8055265,11.376157
-24.0687903,23.8762327,1.2697676,0.8113744,11.3926851
-23.9745252,23.9095306,1.2622882,0.8172223,11.4096448
-23.8800723,23.9422917,1.2548087,0.8230702,11.4270039
-23.7854369,23.9745202,1.2473293,0.8289181,11.4447151
-23.6906237,24.0062205,1.2398499,0.834766,11.4627738
-23.5956369,24.0373971,1.2323704,0.8406139,11.4811755
-23.5004812,24.0680543,1.2246513,0.8473349,11.4999153
-23.4051611,24.0981966,1.2166854,0.854955,11.5189887
-23.309681,24.1278285,1.2087195,0.8625752,11.538391
-23.2140456,24.1569543,1.2007536,0.8701953,11.5581174
-23.1182592,24.1855785,1.1927877,0.8778155,11.5781633
-23.0223253,24.2137059,1.1848218,0.8854356,11.5985239
-22.9262475,24.2413411,1.1768559,0.8930557,11.6191911
-22.8300312,24.2684881,1.16889,0.9006759,11.640156
-22.7336799,24.2951516,1.1609241,0.908296,11.6614158
-22.6371976,24.3213362,1.1529582,0.9159162,11.682968
-22.5405877,24.3470464,1.1450654,0.9241878,11.7048097
-22.443854,24.3722869,1.1372553,0.9331971,11.7265918
-22.3470002,24.3970622,1.1294452,0.9422064,11.7482463
-22.25003,24.4213768,1.1216351,0.9512156,11.7697745
-22.1529469,24.4452355,1.1138251,0.9602249,11.7911772
-22.0557537,24.4686431,1.106015,0.9692342,11.8124556
-21.9584529,24.4916043,1.0982049,0.9782434,11.8336106
-21.8610493,24.5141236,1.0903948,0.9872527,11.8546433
-21.7635461,24.5362057,1.0825848,0.996262,11.8755547
-21.665946,24.5578554,1.0747747,1.0052712,11.8963456
-21.5682521,24.5790776,1.0663191,1.0145646,11.9170171
-21.4704673,24.599877,1.0570599,1.0242118,11.9375702
-21.3725947,24.6202585,1.0478007,1.0338589,11.9580057
-21.2746371,24.6402269,1.0385415,1.0435061,11.9783247
-21.1765975,24.6597869,1.0292822,1.0531532,11.998528
-21.078478,24.6789436,1.020023,1.0628003,12.0186165
-20.9802804,24.6977019,1.0107638,1.0724475,12.0385911
-20.8820089,24.7160664,1.0015045,1.0820946,12.0584528
-20.7836658,24.7340421,0.9922453,1.0917418,12.0782024
-20.6852534,24.7516339,0.9829861,1.1013889,12.0978407
-20.5867739,24.7688467,0.9741628,1.1107027,12.1173686
-20.4882299,24.7856855,0.9659371,1.1195596,12.1367871
-20.3896235,24.8021552,0.9577113,1.1284165,12.1560968
-20.2909571,24.8182607,0.9494856,1.1372734,12.1752986
-20.192233,24.834007,0.9412598,1.1461303,12.1943935
-20.0934529,24.8493991,0.9330341,1.1549872,12.213382
-19.9946183,24.864442,0.9248084,1.1638441,12.2322652
-19.8957322,24.8791406,0.9165826,1.172701,12.2510437
-19.7967965,24.8934999,0.9083569,1.1815579,12.2697183
-19.6978128,24.9075249,0.9001311,1.1904148,12.2882899
-19.598783,24.9212206,0.8923985,1.1986715,12.3067591
-19.4997088,24.9345921,0.885411,1.2060214,12.3251268
-19.4005921,24.9476443,0.8784235,1.2133713,12.3433936
-19.3014345,24.9603824,0.8714359,1.2207212,12.3615604
-19.2022378,24.9728112,0.8644484,1.228071,12.3796278
-19.1030036,24.984936,0.8574609,1.2354209,12.3975967
-19.0037331,24.9967617,0.8504734,1.2427708,12.4154676
-18.9044282,25.0082934,0.8434859,1.2501207,12.4332413
-18.8050902,25.0195363,0.8364984,1.2574706,12.4509186
-18.7057205,25.0304954,0.8295109,1.2648204,12.4685
-18.6063202,25.0411758,0.8231273,1.2712848,12.4859864
-18.5068909,25.0515826,0.817752,1.276271,12.5033783
-18.4074336,25.0617211,0.8123767,1.2812572,12.5206765
-18.3079499,25.0715962,0.8070015,1.2862434,12.5378816
-18.2084408,25.0812131,0.8016262,1.2912296,12.5549943
-18.1089079,25.0905768,0.7962509,1.2962158,12.5720152
-18.0093522,25.0996924,0.7908756,1.3012019,12.588945
-17.9097746,25.1085642,0.7855003,1.3061881,12.6057844
-17.810176,25.1171968,0.780125,1.3111743,12.6225338
-17.7105572,25.1255948,0.7747497,1.3161605,12.6391941
-17.610919,25.1337626,0.7705167,1.3204663,12.6557657
-17.5112624,25.1417047,0.7683956,1.3235142,12.6722494
-17.4115883,25.1494257,0.7662745,1.326562,12.6886456
-17.3118974,25.1569301,0.7641533,1.3296099,12.7049552
-17.2121908,25.1642223,0.7620322,1.3326577,12.7211785
-17.1124695,25.1713069,0.7599111,1.3357056,12.7373162
-17.0127343,25.1781877,0.75779,1.3387535,12.753369
-16.9129855,25.1848675,0.7556688,1.3418013,12.7693373
-16.8132236,25.1913492,0.7535477,1.3448492,12.7852217
-16.7134491,25.1976356,0.7514266,1.3478971,12.8010229
-16.6136625,25.2037295,0.7505024,1.350743,12.8167414
-16.5138645,25.2096337,0.7520367,1.3531742,12.8323777
-16.4140555,25.215351,0.753571,1.3556055,12.8479323
-16.314236,25.2208843,0.7551052,1.3580367,12.863406
-16.2144067,25.2262363,0.7566395,1.3604679,12.8787991
-16.1145681,25.2314099,0.7581738,1.3628991,12.8941122
-16.0147207,25.2364079,0.7597081,1.3653303,12.9093458
-15.9148648,25.2412331,0.7612424,1.3677616,12.9245006
-15.8150008,25.2458885,0.7627767,1.3701928,12.9395769
-15.7151292,25.2503769,0.764311,1.372624,12.9545753
-15.6152503,25.2547012,0.7663972,1.3747424,12.9694964
-15.5153645,25.2588643,0.7697482,1.3761439,12.9843406
-15.4154722,25.2628691,0.7730991,1.3775454,12.9991084
-15.3155738,25.2667184,0.77645,1.3789469,13.0138003
-15.2156697,25.270415,0.779801,1.3803484,13.0284169
-15.1157601,25.273962,0.7831519,1.38175,13.0429586
-15.0158453,25.2773622,0.7865029,1.3831515,13.0574258
-14.9159257,25.2806185,0.7898538,1.384553,13.0718192
-14.8160018,25.2837339,0.7932048,1.3859545,13.0861391
-14.7160736,25.2867112,0.7965557,1.387356,13.100386
-14.6161416,25.2895536,0.7993723,1.3883782,13.1145605
-14.5162059,25.2922638,0.8008165,1.3884259,13.1286628
-14.4162668,25.2948449,0.8022607,1.3884736,13.1426936
-14.3163246,25.2972997,0.8037049,1.3885213,13.1566533
-14.2163795,25.2996313,0.8051491,1.388569,13.1705423
-14.1164316,25.3018425,0.8065933,1.3886167,13.184361
-14.0164808,25.3039363,0.8080375,1.3886644,13.19811
-13.9165278,25.3059157,0.8094817,1.3887121,13.2117896
-13.8165727,25.3077836,0.8109259,1.3887598,13.2254003
-13.7166157,25.3095429,0.8123701,1.3888075,13.2389425
-13.6166569,25.3111966,0.8132357,1.3890539,13.2524166
-13.5166965,25.3127476,0.8124251,1.3898758,13.2658232
-13.4167347,25.3141988,0.8116146,1.3906976,13.2791625
-13.3167715,25.3155532,0.810804,1.3915195,13.292435
-13.2168072,25.3168137,0.8099934,1.3923414,13.3056412
-13.1168417,25.3179833,0.8091829,1.3931632,13.3187813
-13.0168749,25.3190649,0.8083723,1.3939851,13.331856
-12.9169074,25.3200615,0.8075618,1.394807,13.3448654
-12.8169391,25.320976,0.8067512,1.3956288,13.3578101
-12.7169701,25.3218113,0.8059406,1.3964507,13.3706905
-12.6170005,25.3225704,0.8051193,1.3972807,13.3835069
-12.5170305,25.3232563,0.8042623,1.3981377,13.3962597
-12.4170599,25.323872,0.8034053,1.3989947,13.4089493
-12.317089,25.3244202,0.8025483,1.3998517,13.4215761
-12.2171178,25.3249041,0.8016913,1.4007087,13.4341405
-12.1171463,25.3253266,0.8008343,1.4015657,13.4466428
-12.0171745,25.3256906,0.7999773,1.4024227,13.4590835
-11.9172026,25.325999,0.7991204,1.4032796,13.4714629
-11.8172305,25.3262549,0.7982634,1.4041366,13.4837813
-11.7172582,25.3264611,0.7974064,1.4049936,13.4960392
-11.6172859,25.3266207,0.7966333,1.4057667,13.5082368
-11.5173135,25.3267365,0.7961768,1.4062232,13.5203746
-11.4173411,25.3268116,0.7957203,1.4066797,13.532453
-11.3173686,25.3268488,0.7952639,1.4071361,13.5444721
-11.2173961,25.3268511,0.7948074,1.4075926,13.5564326
-11.1174236,25.3268215,0.7943509,1.4080491,13.5683345
-11.0174513,25.3267629,0.7938944,1.4085056,13.5801784
-10.9174789,25.3266783,0.793438,1.408962,13.5919645
-10.8175066,25.3265707,0.7929815,1.4094185,13.6036932
-10.7175342,25.3264431,0.792525,1.409875,13.6153649
-10.6175619,25.3262984,0.791904,1.410496,13.6269798
-10.5175895,25.3261396,0.7905622,1.4118378,13.6385383
-10.4176172,25.3259697,0.7892203,1.4131797,13.6500408
-10.3176448,25.3257916,0.7878785,1.4145215,13.6614875
-10.2176724,25.3256084,0.7865367,1.4158633,13.6728787
-10.1177,25.325423,0.7851949,1.4172051,13.6842149
-10.0177276,25.325238,0.783853,1.418547,13.6954963
-9.9177553,25.3250554,0.7825112,1.4198888,13.7067232
-9.8177829,25.3248773,0.7811694,1.4212306,13.717896
-9.7178105,25.3247057,0.7798275,1.4225725,13.7290149
-9.6178381,25.3245428,0.7782388,1.4241612,13.7400804
-9.5178657,25.3243905,0.7753752,1.4270248,13.7510926
-9.4178934,25.324251,0.7725116,1.4298884,13.7620518
-9.3179211,25.3241262,0.7696481,1.4327519,13.7729585
-9.2179489,25.3240182,0.7667845,1.4356155,13.7838129
-9.1179765,25.3239291,0.7639209,1.4384791,13.7946152
-9.0180039,25.3238602,0.7610573,1.4413427,13.8053659
-8.9180314,25.3238124,0.7581937,1.4442063,13.8160651
-8.8180589,25.3237861,0.7553301,1.4470699,13.8267132
-8.7180865,25.3237821,0.7524666,1.4499334,13.8373104
-8.6181141,25.3238009,0.75,1.4524,13.8478571
-8.5181417,25.3238434,0.75,1.4524,13.8583536
-8.4181693,25.3239099,0.75,1.4524,13.8688
-8.3181969,25.3240014,0.75,1.4524,13.8791968
-8.2182246,25.3241182,0.75,1.4524,13.8895441
-8.1182524,25.3242612,0.75,1.4524,13.8998423
-8.0182806,25.3244309,0.75,1.4524,13.9100916
-7.9183088,25.3246279,0.75,1.4524,13.9202923
-7.8183369,25.3248527,0.75,1.4524,13.9304447
-7.718365,25.3251059,0.75,1.4524,13.940549
-7.618393,25.3253882,0.7503383,1.4520617,13.9506056
-7.518421,25.3256999,0.7532791,1.4491209,13.9606146
-7.4184489,25.3260418,0.7562199,1.4461801,13.9705763
-7.3184767,25.3264144,0.7591608,1.4432392,13.9804911
-7.2185044,25.3268182,0.7621016,1.4402984,13.9903591
-7.1185329,25.3272538,0.7650424,1.4373576,14.0001807
-7.0185623,25.3277217,0.7679832,1.4344168,14.009956
-6.9185917,25.3282222,0.770924,1.431476,14.0196853
-6.8186211,25.3287557,0.7738648,1.4285352,14.029369
-6.7186504,25.3293227,0.7768056,1.4255944,14.0390071
-6.6186797,25.3299233,0.7795343,1.4228657,14.0486001
-6.5187091,25.3305581,0.7801556,1.4222444,14.0581481
-6.4187384,25.3312273,0.7807769,1.4216231,14.0676513
-6.3187679,25.3319313,0.7813982,1.4210018,14.0771101
-6.2187974,25.3326705,0.7820195,1.4203805,14.0865246
-6.1188276,25.3334453,0.7826407,1.4197593,14.0958951
-6.0188587,25.3342559,0.783262,1.419138,14.1052219
-5.91889,25.3351028,0.7838833,1.4185167,14.1145052
-5.8189215,25.3359863,0.7845046,1.4178954,14.1237451
-5.7189533,25.3369067,0.7851259,1.4172741,14.132942
-5.6189854,25.3378645,0.7856462,1.4167538,14.1420961
-5.5190177,25.3388598,0.7847797,1.4176203,14.1512076
-5.4190505,25.3398932,0.7839132,1.4184868,14.1602768
-5.3190836,25.3409649,0.7830467,1.4193533,14.1693038
-5.2191171,25.3420753,0.7821802,1.4202198,14.1782889
-5.1191511,25.3432248,0.7813137,1.4210863,14.1872323
-5.0191855,25.3444135,0.7804472,1.4219528,14.1961343
-4.9192203,25.3456418,0.7795807,1.4228193,14.204995
-4.8192558,25.3469097,0.7787142,1.4236858,14.2138147
-4.7192918,25.3482175,0.7778477,1.4245523,14.2225936
-4.6193283,25.3495653,0.777002,1.425398,14.2313319
-4.5193656,25.3509534,0.7766057,1.4257943,14.2400298
-4.4194034,25.3523818,0.7762094,1.4261906,14.2486876
-4.319442,25.3538509,0.7758131,1.4265869,14.2573055
-4.2194812,25.3553607,0.7754168,1.4269832,14.2658836
-4.1195208,25.3569115,0.7750205,1.4273795,14.2744222
-4.0195608,25.358503,0.7746243,1.4277757,14.2829215
-3.9196016,25.3601348,0.774228,1.428172,14.2913817
-3.819643,25.3618063,0.7738317,1.4285683,14.299803
-3.7196852,25.3635171,0.7734354,1.4289646,14.3081856
-3.6197281,25.3652664,0.7730843,1.4293157,14.3165297
-3.5197717,25.3670538,0.7748778,1.4275222,14.3248356
-3.419816,25.3688788,0.7766713,1.4257287,14.3331033
-3.319861,25.3707407,0.7784647,1.4239353,14.3413332
-3.2199066,25.3726392,0.7802582,1.4221418,14.3495253
-3.119953,25.3745735,0.7820517,1.4203483,14.35768
-3.02,25.376543,0.7838452,1.4185548,14.3657974
-2.9200476,25.3785468,0.7856386,1.4167614,14.3738776
-2.8200959,25.3805839,0.7874321,1.4149679,14.381921
-2.7201449,25.3826535,0.7892256,1.4131744,14.3899276
-2.6201945,25.3847546,0.7910191,1.4113809,14.3978977
-2.5202447,25.3868862,0.7911884,1.4112116,14.4058315
-2.4202956,25.3890476,0.7913528,1.4110472,14.4137291
-2.3203471,25.3912377,0.7915173,1.4108827,14.4215908
-2.2203992,25.3934556,0.7916818,1.4107182,14.4294166
-2.1204519,25.3957004,0.7918463,1.4105537,14.4372069
-2.0205051,25.3979714,0.7920108,1.4103892,14.4449618
-1.9205589,25.400268,0.7921753,1.4102247,14.4526814
-1.8206133,25.4025896,0.7923398,1.4100602,14.460366
-1.7206683,25.4049357,0.7925043,1.4098957,14.4680157
-1.6207239,25.4073057,0.7926688,1.4097312,14.4756307
-1.5207801,25.409699,0.7937684,1.4086316,14.4832113
-1.4208369,25.4121152,0.7948936,1.4075064,14.4907574
-1.3208943,25.4145536,0.7960188,1.4063812,14.4982694
-1.2209523,25.4170136,0.797144,1.405256,14.5057475
-1.1210106,25.4194948,0.7982692,1.4041308,14.5131917
-1.0210692,25.4219967,0.7993943,1.4030057,14.5206023
-0.9211283,25.424519,0.8005195,1.4018805,14.5279794
-0.821188,25.4270615,0.8016447,1.4007553,14.5353232
-0.7212483,25.4296238,0.8027699,1.3996301,14.5426338
-0.6213092,25.4322056,0.8038951,1.3985049,14.5499115
-0.5213707,25.4348068,0.8028329,1.3995671,14.5571565
-0.4214327,25.437427,0.8016554,1.4007446,14.5643687
-0.3214953,25.4400659,0.8004778,1.4019222,14.5715485
-0.2215584,25.4427233,0.7993002,1.4030998,14.578696
-0.1216218,25.4453988,0.7981226,1.4042774,14.5858114
-0.0216854,25.4480923,0.796945,1.405455,14.5928948
0.0782504,25.4508032,0.7957674,1.4066326,14.5999464
0.1781857,25.4535314,0.7945899,1.4078101,14.6069663
0.2781205,25.4562764,0.7934123,1.4089877,14.6139547
0.3780548,25.4590379,0.7922347,1.4101653,14.6209118
0.4779887,25.4618155,0.7907199,1.4116801,14.6278377
0.577922,25.4646089,0.7891782,1.4132218,14.6347325
0.6778548,25.4674177,0.7876365,1.4147635,14.6415965
0.7777872,25.4702417,0.7860949,1.4163051,14.6484298
0.8777193,25.4730804,0.7845532,1.4178468,14.6552325
0.9776512,25.4759334,0.7830115,1.4193885,14.6620048
1.0775826,25.4788002,0.7814699,1.4209301,14.6687468
1.1775136,25.4816801,0.7799282,1.4224718,14.6754587
1.2774442,25.4845727,0.7783865,1.4240135,14.6821407
1.3773744,25.4874774,0.7768449,1.4255551,14.6887928
1.4773043,25.4903936,0.7772401,1.4251599,14.6954153
1.5772339,25.4933208,0.7778441,1.4245559,14.7020083
1.6771631,25.4962584,0.7784482,1.4239518,14.7085719
1.7770921,25.4992058,0.7790523,1.4233477,14.7151062
1.8770208,25.5021625,0.7796564,1.4227436,14.7216115
1.9769493,25.505128,0.7802604,1.4221396,14.7280878
2.0768776,25.5081015,0.7808645,1.4215355,14.7345354
2.1768057,25.5110824,0.7814686,1.4209314,14.7409543
2.2767335,25.5140701,0.7820726,1.4203274,14.7473446
2.3766611,25.5170639,0.7826767,1.4197233,14.7537066
2.4765886,25.5200632,0.7823625,1.4200375,14.7600404
2.5765159,25.5230673,0.7819219,1.4204781,14.766346
2.676443,25.5260757,0.7814813,1.4209187,14.7726238
2.77637,25.5290875,0.7810407,1.4213593,14.7788736
2.876297,25.5321023,0.7806001,1.4217999,14.7850958
2.976224,25.5351194,0.7801595,1.4222405,14.7912905
3.076151,25.538138,0.7797189,1.4226811,14.7974577
3.1760779,25.5411577,0.7792784,1.4231216,14.8035977
3.2760047,25.5441777,0.7788378,1.4235622,14.8097105
3.3759316,25.5471974,0.7783972,1.4240028,14.8157963
3.4758585,25.5502162,0.778462,1.423938,14.8218552
3.5757853,25.5532334,0.7786122,1.4237878,14.8278873
3.6757123,25.5562484,0.7787624,1.4236376,14.8338928
3.7756392,25.5592605,0.7789126,1.4234874,14.8398719
3.8755664,25.5622692,0.7790628,1.4233372,14.8458245
3.9754938,25.5652737,0.779213,1.423187,14.8517509
4.0754214,25.5682735,0.7793632,1.4230368,14.8576512
4.175349,25.5712678,0.7795134,1.4228866,14.8635256
4.2752769,25.5742561,0.7796636,1.4227364,14.869374
4.3752048,25.5772377,0.7798139,1.4225861,14.8751968
4.475133,25.580212,0.7784111,1.4239889,14.8809939
4.5750614,25.5831783,0.7766944,1.4257056,14.8867655
4.67499,25.586136,0.7749777,1.4274223,14.8925118
4.7749189,25.5890845,0.773261,1.429139,14.8982328
4.8748482,25.5920231,0.7715443,1.4308557,14.9039287
4.9747778,25.5949511,0.7698276,1.4325724,14.9095996
5.0747077,25.5978678,0.7681109,1.4342891,14.9152456
5.174638,25.6007726,0.7663942,1.4360058,14.9208668
5.2745686,25.6036647,0.7646776,1.4377224,14.9264634
5.3744996,25.6065433,0.7629609,1.4394391,14.9320355
5.474431,25.6094079,0.7616131,1.4407869,14.9375832
5.5743628,25.6122577,0.7603529,1.4420471,14.9431066
5.6742951,25.6150919,0.7590927,1.4433073,14.9486058
5.7742278,25.6179099,0.7578326,1.4445674,14.9540809
5.8741609,25.620711,0.7565724,1.4458276,14.9595321
5.9740945,25.6234945,0.7553122,1.4470878,14.9649595
6.0740286,25.62626,0.754052,1.448348,14.9703632
6.1739633,25.629007,0.7527918,1.4496082,14.9757432
6.2738985,25.631735,0.7515316,1.4508684,14.9810998
6.3738342,25.6344435,0.7502714,1.4521286,14.986433
6.4737705,25.6371321,0.7504352,1.4519648,14.9917429
6.5737074,25.6398001,0.7509897,1.4514103,14.9970296
6.6736449,25.6424473,0.7515443,1.4508557,15
6.7735831,25.645073,0.7520989,1.4503011,15
6.8735216,25.6476768,0.7526535,1.4497465,15
6.9734606,25.6502583,0.753208,1.449192,15
7.0734002,25.6528173,0.7537626,1.4486374,15
7.1733404,25.6553535,0.7543172,1.4480828,15
7.2732812,25.6578666,0.7548718,1.4475282,15
7.3732227,25.6603564,0.7554263,1.4469737,15
7.4731648,25.6628227,0.7555405,1.4468595,15
7.5731075,25.6652651,0.7555164,1.4468836,15
7.6730508,25.6676835,0.7554923,1.4469077,15
7.7729947,25.6700775,0.7554682,1.4469318,15
7.8729392,25.672447,0.7554441,1.4469559,15
7.9728842,25.6747915,0.7554199,1.4469801,15
8.0728297,25.6771109,0.7553958,1.4470042,15
8.1727759,25.6794048,0.7553717,1.4470283,15
8.2727226,25.6816728,0.7553476,1.4470524,15
8.37267,25.6839146,0.7553235,1.4470765,15
8.4726179,25.6861299,0.7559899,1.4464101,15
8.5725664,25.6883183,0.7569022,1.4454978,15
8.6725155,25.6904795,0.7578145,1.4445855,15
8.7724652,25.6926133,0.7587267,1.4436733,15
8.8724156,25.6947192,0.759639,1.442761,15
8.9723668,25.6967976,0.7605512,1.4418488,15
9.0723185,25.6988493,0.7614635,1.4409365,15
9.1722707,25.7008754,0.7623758,1.4400242,14.9259741
9.2722233,25.7028767,0.763288,1.439112,14.8192282
9.3721763,25.7048542,0.7642003,1.4381997,14.7119508
9.4721296,25.7068087,0.7638339,1.4385661,14.6041334
9.5720832,25.7087413,0.7629551,1.4394449,14.495767
9.6720371,25.7106529,0.7620762,1.4403238,14.3868424
9.7719912,25.7125444,0.7611973,1.4412027,14.27735
9.8719454,25.7144167,0.7603185,1.4420815,14.167475
9.9718997,25.7162693,0.7594396,1.4429604,14.0574067
10.0718545,25.7181003,0.7585607,1.4438393,13.9471299
10.1718097,25.719908,0.7576819,1.4447181,13.8366289
10.2717655,25.7216904,0.756803,1.445597,13.7258875
10.3717221,25.7234457,0.7559241,1.4464759,13.614889
10.4716796,25.7251719,0.7552627,1.4471373,13.5036166
10.5716381,25.7268671,0.7546988,1.4477012,13.3920527
10.6715978,25.7285295,0.754135,1.448265,13.2801793
10.7715588,25.7301572,0.7535711,1.4488289,13.1679778
10.8715165,25.7317479,0.7530073,1.4493927,13.0565761
10.9714711,25.7332907,0.7524434,1.4499566,12.947112
11.0714277,25.7347665,0.7518795,1.4505205,12.8395409
11.1713867,25.7361555,0.7513157,1.4510843,12.7338191
11.2713482,25.7374379,0.7507518,1.4516482,12.6299044
11.3713128,25.738594,0.750188,1.452212,12.5277554
11.4712806,25.739604,0.7518228,1.4505772,12.4273318
11.5712521,25.7404481,0.7545569,1.4478431,12.328594
11.6712275,25.7411066,0.757291,1.445109,12.2315034
11.7712072,25.7415598,0.7600252,1.4423748,12.1360224
11.8711768,25.7417878,0.7627593,1.4396407,12.0422208
11.9711358,25.74177,0.7654934,1.4369066,11.950171
12.0710977,25.7414851,0.7682276,1.4341724,11.8598382
12.1710615,25.7409114,0.7709617,1.4314383,11.7711889
12.271026,25.7400276,0.7736958,1.4287042,11.6841903
12.3709899,25.7388119,0.77643,1.42597,11.5988107
12.470952,25.737243,0.7796794,1.4226959,11.5150188
12.5709113,25.7352992,0.7832148,1.4191219,11.4327844
12.6708666,25.732959,0.7867502,1.415548,11.3520776
12.7708166,25.7302009,0.7902856,1.4119741,11.2728692
12.8707368,25.7270041,0.793821,1.4084001,11.1950469
12.9706241,25.7233484,0.7973565,1.4048262,11.1185029
13.0704983,25.7192129,0.8008919,1.4012523,11.0432156
13.1703552,25.7145779,0.8044273,1.3976783,10.9691637
13.2701906,25.7094233,0.8079627,1.3941044,10.8963261
13.3700005,25.7037293,0.8114981,1.3905305,10.8246821
13.4697806,25.6974759,0.8179919,1.3831779,10.754211
13.569527,25.6906433,0.8263029,1.3735042,10.684892
13.6692353,25.6832115,0.834614,1.3638305,10.6167043
13.7689016,25.6751605,0.842925,1.3541568,10.5496268
13.8684987,25.6664726,0.8512361,1.3444831,10.4836081
13.9680198,25.6571288,0.8595471,1.3348094,10.4186039
14.0674804,25.6471083,0.8678581,1.3251356,10.3546037
14.1668723,25.636392,0.8761692,1.3154619,10.2915969
14.2661875,25.624961,0.8844802,1.3057882,10.2295726
14.3654177,25.6127963,0.8927913,1.2961145,10.1685197
14.4645548,25.5998791,0.9001253,1.2840667,10.1084265
14.5635905,25.5861903,0.9067968,1.2704086,10.0492809
14.6625168,25.5717111,0.9134683,1.2567506,9.99107
14.7613255,25.5564225,0.9201397,1.2430926,9.9337801
14.859996,25.5403075,0.9268112,1.2294346,9.8773575
14.9585169,25.5233487,0.9334827,1.2157766,9.8217573
15.0568886,25.5055265,0.9401542,1.2021186,9.7669801
15.1550979,25.4868238,0.9468256,1.1884605,9.713026
15.2531319,25.4672231,0.9534971,1.1748025,9.6598944
15.3509776,25.4467072,0.9601686,1.1611445,9.6075837
15.4486219,25.4252589,0.9696219,1.1460097,9.5560918
15.5460518,25.4028609,0.9811545,1.1297712,9.5054149
15.6432542,25.3794958,0.9926871,1.1135326,9.4555486
15.7402162,25.3551465,1.0042197,1.0972941,9.4064864
15.8369273,25.329795,1.0157522,1.0810555,9.3582246
15.9333718,25.3034245,1.0272848,1.064817,9.3107769
16.0295277,25.2760201,1.0388174,1.0485785,9.2641587
16.1253759,25.2475661,1.05035,1.0323399,9.2183845
16.2208972,25.2180468,1.0618826,1.0161014,9.1734679
16.3160724,25.1874465,1.0734151,0.9998628,9.1294214
16.4108824,25.1557495,1.0857814,0.9851411,9.0862561
16.505308,25.1229402,1.0988333,0.9716671,9.0439816
16.5993301,25.0890028,1.1118853,0.9581931,9.0026059
16.6929294,25.0539216,1.1249373,0.9447191,8.9621348
16.7861023,25.0176749,1.1379893,0.9312451,8.9226269
16.8788287,24.9802459,1.1510413,0.9177711,8.8841758
16.971063,24.9416277,1.1640933,0.9042971,8.8468213
17.0627782,24.9018064,1.1771452,0.8908231,8.810602
17.1539473,24.8607681,1.1901972,0.8773491,8.7755556
17.2445432,24.8184989,1.2032492,0.8638751,8.7417184
17.3345388,24.7749847,1.2156462,0.8531406,8.7091253
17.4239072,24.7302117,1.2274508,0.8448841,8.6778091
17.5126211,24.684166,1.2392554,0.8366276,8.6478004
17.6006537,24.6368334,1.25106,0.8283711,8.6191273
17.688007,24.5881837,1.2628646,0.8201146,8.5915705
17.7746561,24.5382032,1.2746692,0.8118581,8.5648982
17.8605296,24.4869094,1.2864738,0.8036016,8.5391885
17.945592,24.4343001,1.2982784,0.7953451,8.5145196
18.029808,24.3803733,1.310083,0.7870886,8.4909692
18.1131424,24.3251268,1.3218876,0.7788321,8.468615
18.1955597,24.2685586,1.3304292,0.7734795,8.447534
18.2770246,24.2106665,1.335727,0.7710137,8.4278023
18.3575019,24.1514485,1.3410248,0.7685479,8.4094952
18.4369561,24.0909025,1.3463226,0.7660821,8.3926864
18.5154088,24.0289817,1.3516203,0.7636163,8.3758439
18.5928517,23.9656897,1.3569181,0.7611506,8.3596184
18.6692148,23.9011189,1.3622159,0.7586848,8.3465088
18.7444991,23.8353083,1.3675137,0.756219,8.3363777
18.8187058,23.7682971,1.3728115,0.7537532,8.3290883
18.8918359,23.7001245,1.3781092,0.7512874,8.3245046
18.9638903,23.6308294,1.3797037,0.7513872,8.3224922
19.0348703,23.5604511,1.377252,0.7542899,8.3229183
19.1047768,23.4890286,1.3748002,0.7571927,8.3256528
19.1736109,23.4166011,1.3723485,0.7600955,8.3305678
19.2414219,23.3431547,1.3698968,0.7629983,8.337538
19.3082199,23.2687125,1.367445,0.765901,8.3463761
19.3739585,23.1933616,1.3649933,0.7688038,8.3569415
19.4386478,23.1171287,1.3625416,0.7717066,8.3691898
19.5022977,23.0400407,1.3600898,0.7746093,8.3830746
19.5649182,22.9621241,1.3576381,0.7775121,8.3985487
19.6265195,22.8834058,1.3513011,0.7832273,8.4155634
19.6871114,22.8039125,1.3402968,0.792321,8.4340697
19.7467041,22.7236709,1.3292925,0.8014146,8.4540181
19.8053076,22.6427078,1.3182882,0.8105083,8.4753588
19.862936,22.5610438,1.3072839,0.819602,8.4980423
19.919601,22.4787026,1.2962796,0.8286957,8.5219951
19.975311,22.3957118,1.2852753,0.8377893,8.5471627
20.0300793,22.3120926,1.274271,0.846883,8.5735212
20.0839189,22.2278662,1.2632667,0.8559767,8.6010456
20.1368429,22.143054,1.2522624,0.8650704,8.6297102
20.1888645,22.0576772,1.2395219,0.8760717,8.6594891
20.2399967,21.9717572,1.2244861,0.8895948,8.6903558
20.2902526,21.8853151,1.2094504,0.9031178,8.7222837
20.3396453,21.7983723,1.1944146,0.9166409,8.7552461
20.3881738,21.7109758,1.1793789,0.930164,8.7892168
20.4358558,21.6231417,1.1643431,0.9436871,8.8242316
20.4827212,21.5348637,1.1493074,0.9572102,8.8603351
20.5287872,21.4461581,1.1342716,0.9707332,8.8975192
20.5740712,21.3570414,1.1192359,0.9842563,8.9357755
20.6185905,21.2675298,1.1042001,0.9977794,8.9750948
20.6623622,21.1776397,1.0901074,1.0119633,9.0154679
20.7054037,21.0873874,1.0773882,1.0271097,9.0560739
20.7477323,20.9967894,1.064669,1.0422562,9.096337
20.7893651,20.9058618,1.0519498,1.0574026,9.1362622
20.830302,20.8146607,1.0392306,1.072549,9.1758547
20.8705653,20.7231923,1.0265114,1.0876954,9.2151194
20.9101882,20.6314369,1.0137923,1.1028419,9.254061
20.9491896,20.5394065,1.0010731,1.1179883,9.2926843
20.9875882,20.4471129,0.9883539,1.1331347,9.3309938
21.0254029,20.3545679,0.9756347,1.1482811,9.368994
21.0626526,20.2617834,0.9640528,1.1621812,9.4066893
21.099356,20.1687713,0.9542993,1.1740775,9.4440838
21.135532,20.0755434,0.9445458,1.1859738,9.4811818
21.1711994,19.9821115,0.9347923,1.1978701,9.5179874
21.2063615,19.8885293,0.9250388,1.2097664,9.5545044
21.2410421,19.7947963,0.9152853,1.2216627,9.5907368
21.2752724,19.7008903,0.9055318,1.233559,9.6266884
21.3090719,19.6068203,0.8957783,1.2454553,9.6623629
21.3424601,19.5125951,0.8860248,1.2573516,9.6977639
21.3754564,19.4182234,0.8762713,1.2692479,9.7328949
21.4080803,19.3237141,0.8676369,1.2790318,9.7677596
21.4403514,19.229076,0.8609929,1.2850586,9.8023611
21.472289,19.1343179,0.854349,1.2910854,9.8367029
21.5039127,19.0394486,0.847705,1.2971122,9.8707883
21.535232,18.9445076,0.8410611,1.3031389,9.9046204
21.5662706,18.8494939,0.8344171,1.3091657,9.9382024
21.5970571,18.7543934,0.8277732,1.3151925,9.9715373
21.6276128,18.6592135,0.8211292,1.3212193,10.0046282
21.6579593,18.5639616,0.8144853,1.327246,10.0374779
21.6881178,18.4686451,0.8078413,1.3332728,10.0700894
21.7181097,18.3732714,0.8022779,1.3380053,10.1024655
21.7479566,18.277848,0.7988471,1.3401832,10.134609
21.7776796,18.1823823,0.7954164,1.342361,10.1665226
21.8073004,18.0868817,0.7919856,1.3445389,10.1982089
21.8368358,17.9913668,0.7885548,1.3467168,10.2296707
21.866304,17.8958393,0.785124,1.3488947,10.2609104
21.8957213,17.8002945,0.7816932,1.3510726,10.2919306
21.9251012,17.7047368,0.7782624,1.3532505,10.3227337
21.954457,17.6091707,0.7748317,1.3554283,10.3533223
21.983802,17.5136006,0.7714009,1.3576062,10.3836986
22.0131498,17.4180311,0.7684488,1.3591704,10.4138651
22.0425137,17.3224665,0.766549,1.3593856,10.443824
22.071907,17.2269113,0.7646492,1.3596009,10.4735776
22.1013433,17.1313701,0.7627494,1.3598161,10.5031282
22.1308355,17.0358452,0.7608496,1.3600313,10.5324778
22.1603856,16.940338,0.7589498,1.3602465,10.5616287
22.1899865,16.8448474,0.75705,1.3604617,10.5905829
22.2196315,16.7493711,0.7551502,1.3606769,10.6193426
22.2493138,16.6539069,0.7532504,1.3608922,10.6479098
22.2790266,16.5584526,0.7513506,1.3611074,10.6762864
22.3087632,16.4630059,0.75,1.3615683,10.7044745
22.3385168,16.3675647,0.75,1.3626334,10.7324759
22.3682806,16.2721265,0.75,1.3636984,10.7602927
22.3980479,16.1766893,0.75,1.3647635,10.7879266
22.4278115,16.0812515,0.75,1.3658286,10.8153796
22.4575648,15.9858107,0.75,1.3668936,10.8426534
22.4873007,15.8903641,0.75,1.3679587,10.8697498
22.5170121,15.7949096,0.75,1.3690238,10.8966705
22.5466921,15.6994449,0.75,1.3700888,10.9234174
22.5763336,15.6039679,0.75,1.3711539,10.9499922
22.6059295,15.5084764,0.7502339,1.3723695,10.9763964
22.6354727,15.4129681,0.7511148,1.3740014,11.0026317
22.6649562,15.3174408,0.7519956,1.3756333,11.0286998
22.6943728,15.2218924,0.7528765,1.3772653,11.0546023
22.723715,15.126322,0.7537574,1.3788972,11.0803408
22.7529714,15.0307259,0.7546383,1.3805292,11.1059167
22.7821283,14.9350991,0.7555192,1.3821611,11.1040595
22.8111714,14.8394377,0.7564001,1.3837931,10.9881764
22.8400862,14.7437377,0.757281,1.385425,10.8728267
22.8688586,14.6479949,0.7581618,1.387057,10.7579568
22.8974743,14.5522056,0.7586166,1.3883657,10.6435123
22.9259189,14.4563656,0.7577357,1.3886613,10.5294378
22.9541782,14.3604709,0.7568548,1.3889568,10.4156767
22.9822378,14.2645176,0.7559739,1.3892524,10.3021714
23.0100826,14.1685021,0.755093,1.389548,10.190031
23.0376878,14.0724179,0.7542121,1.3898436,10.0799325
23.0650207,13.9762564,0.7533313,1.3901392,9.9718007
23.0920488,13.8800095,0.7524504,1.3904348,9.865562
23.1187394,13.7836691,0.7515695,1.3907304,9.7611436
23.1450596,13.6872271,0.7506886,1.391026,9.6584736
23.1709768,13.5906754,0.7503347,1.3906742,9.5574807
23.1964583,13.4940058,0.7518679,1.3880041,9.4580935
23.2214713,13.3972103,0.7534011,1.385334,9.3602407
23.2459831,13.3002807,0.7549343,1.3826638,9.2638504
23.2699535,13.2032375,0.7564675,1.3799937,9.169561
23.2933448,13.1060643,0.7580007,1.3773235,9.0777585
23.3161152,13.008738,0.7595339,1.3746534,8.9883854
23.3382183,12.9112539,0.7610671,1.3719833,8.901386
23.3596077,12.8136069,0.7626003,1.3693131,8.8167068
23.3802369,12.7157922,0.7641335,1.366643,8.734295
23.4000597,12.617805,0.7670143,1.3628245,8.6540981
23.4190295,12.5196404,0.7754697,1.3542563,8.5760635
23.4370999,12.4212935,0.7839252,1.3456881,8.5001373
23.4542246,12.3227595,0.7923806,1.3371198,8.4262637
23.470345,12.2241092,0.800836,1.3285516,8.3545236
23.4854182,12.1253204,0.8092914,1.3199833,8.2849936
23.4994009,12.0263554,0.8177468,1.3114151,8.2176756
23.5122418,11.9272249,0.8262022,1.3028468,8.1525727
23.5238894,11.8279398,0.8346576,1.2942786,8.0896885
23.5342925,11.7285107,0.843113,1.2857103,8.029026
23.5433997,11.6289484,0.8527114,1.2755034,7.9705868
23.5511596,11.5292636,0.8678478,1.2573574,7.9143699
23.5575207,11.4294671,0.8829841,1.2392114,7.8603705
23.5624318,11.3295696,0.8981205,1.2210653,7.8085791
23.5658402,11.2296376,0.9132568,1.2029193,7.7587853
23.5676993,11.1296784,0.9283931,1.1847733,7.7109299
23.567963,11.02969,0.9435295,1.1666273,7.6651074
23.5665838,10.9297077,0.9586658,1.1484812,7.6214129
23.5635141,10.829767,0.9738021,1.1303352,7.5799414
23.5587062,10.7299032,0.9889385,1.1121892,7.5407865
23.5521125,10.6301518,1.0032225,1.0929508,7.5040398
23.5436855,10.5305483,1.0125804,1.0673987,7.4697895
23.5333776,10.4311279,1.0219383,1.0418466,7.4381186
23.5211411,10.3319261,1.0312961,1.0162945,7.4091037
23.5069155,10.2328886,1.040654,0.9907424,7.3815811
23.4906698,10.1340884,1.0500119,0.9651903,7.3547996
23.4723977,10.0356541,1.0593697,0.9396382,7.3289338
23.4520841,9.9376464,1.0687276,0.9140861,7.3041606
23.429714,9.8401264,1.0780855,0.888534,7.280659
23.4052724,9.7431548,1.0874433,0.8629819,7.2586102
23.3787443,9.6467927,1.0976607,0.8394758,7.2381969
23.3501148,9.5511009,1.1139561,0.8304376,7.2196036
23.3193688,9.4561403,1.1302514,0.8213994,7.2030156
23.2864913,9.3619718,1.1465467,0.8123611,7.1886183
23.2513633,9.2683811,1.162842,0.8033229,7.1741921
23.2140218,9.1754752,1.1791374,0.7942847,7.1613171
23.1746093,9.0834827,1.1954327,0.7852464,7.152799
23.1331924,8.9924195,1.211728,0.7762082,7.1484132
23.089838,8.9023014,1.2280234,0.76717,7.1479315
23.0446127,8.8131443,1.2443187,0.7581317,7.1511246
22.9975832,8.7249641,1.2587058,0.7516673,7.1577637
22.9488163,8.6377765,1.2559754,0.7682915,7.1676224
22.8983786,8.5515974,1.2532449,0.7849157,7.1804776
22.846337,8.4664427,1.2505145,0.8015398,7.1961108
22.7926351,8.3821395,1.247784,0.818164,7.2143088
22.73736,8.2987638,1.2450536,0.8347882,7.2345008
22.6806283,8.2164283,1.2423231,0.8514123,7.2564099
22.6224812,8.1351245,1.2395927,0.8680365,7.2800286
22.5629595,8.0548439,1.2368623,0.8846607,7.3053417
22.5021042,7.9755778,1.2341318,0.9012849,7.3323265
22.4399562,7.8973179,1.2302416,0.9182106,7.3609546
22.3765566,7.8200553,1.21239,0.9387666,7.3911924
22.3119463,7.7437818,1.1945384,0.9593226,7.4230019
22.2461662,7.6684885,1.1766868,0.9798786,7.4563416
22.1793481,7.5942671,1.1588351,1.0004346,7.4911673
22.1114797,7.5210511,1.1409835,1.0209906,7.5270253
22.0425519,7.4487879,1.1231319,1.0415466,7.5637185
21.9725959,7.37747,1.1052803,1.0621027,7.601238
21.9016428,7.3070901,1.0874287,1.0826587,7.6395719
21.8297235,7.2376406,1.069577,1.1032147,7.6787055
21.7568692,7.1691142,1.0517703,1.1235912,7.7186216
21.6831108,7.1015034,1.0347645,1.1407659,7.7593012
21.6084795,7.0348007,1.0177586,1.1579407,7.8007235
21.5330063,6.9689989,1.0007528,1.1751155,7.8428664
21.4569199,6.9042563,0.9837469,1.1922903,7.8857068
21.3801201,6.8404438,0.9667411,1.2094651,7.9293584
21.3025692,6.7774924,0.9497352,1.2266399,7.9738623
21.224294,6.7153882,0.9327294,1.2438147,8.0192143
21.145321,6.6541172,0.9157235,1.2609894,8.0654088
21.065677,6.5936657,0.8987177,1.2781642,8.1124389
20.9853886,6.5340196,0.8819335,1.2950758,8.1602966
20.9044823,6.4751653,0.87244,1.303326,8.2087239
20.8229849,6.4170887,0.8629466,1.3115763,8.2566748
20.7409229,6.359776,0.8534531,1.3198266,8.3041581
20.6584532,6.303302,0.8439597,1.3280769,8.3511827
20.5755046,6.2475858,0.8344662,1.3363271,8.397757
20.4920593,6.1925877,0.8249728,1.3445774,8.4438892
20.4081361,6.1382933,0.8154793,1.3528277,8.4895873
20.3237537,6.084688,0.8059859,1.361078,8.5348589
20.2389307,6.0317574,0.7964924,1.3693283,8.5797116
20.1536859,5.9794869,0.7870332,1.3775422,8.6241525
20.0680379,5.9278621,0.7833364,1.3796408,8.6681888
19.9820054,5.8768685,0.7796396,1.3817393,8.7118273
19.8956071,5.8264914,0.7759428,1.3838378,8.7550746
19.8088901,5.7767329,0.7722461,1.3859363,8.7979372
19.721848,5.7275652,0.7685493,1.3880348,8.8404214
19.6344855,5.678968,0.7648525,1.3901333,8.8825332
19.5468153,5.6309258,0.7611557,1.3922318,8.9242787
19.4588499,5.5834229,0.757459,1.3943303,8.9656636
19.370602,5.5364436,0.7537622,1.3964288,9.0066935
19.282084,5.4899724,0.7500654,1.3985273,9.047374
19.1933087,5.4439936,0.75,1.3987155,9.0877104
19.1042886,5.3984915,0.75,1.3988693,9.1277078
19.0150363,5.3534506,0.75,1.3990231,9.1673714
18.9255546,5.3088511,0.75,1.3991769,9.2067061
18.8358582,5.2646862,0.75,1.3993307,9.2457168
18.7459554,5.2209489,0.75,1.3994845,9.2844081
18.6558523,5.1776308,0.75,1.3996383,9.3227847
18.5655547,5.1347238,0.75,1.3997921,9.360851
18.4750688,5.0922195,0.75,1.3999459,9.3986115
18.3844004,5.0501097,0.75,1.4000996,9.4360703
18.2935555,5.0083862,0.7535387,1.3968419,9.4732317
18.2025401,4.9670407,0.7572297,1.3934372,9.5100998
18.1113602,4.9260649,0.7609208,1.3900324,9.5466786
18.0200078,4.8854448,0.7646119,1.3866277,9.5829718
17.9284969,4.8451796,0.768303,1.383223,9.6189835
17.8368343,4.8052665,0.7719941,1.3798183,9.6547172
17.7450229,4.7657009,0.7756852,1.3764136,9.6901767
17.6530659,4.7264786,0.7793763,1.3730088,9.7253655
17.5609663,4.6875951,0.7830674,1.3696041,9.7602871
17.4687274,4.649046,0.7867585,1.3661994,9.7949449
17.3763521,4.6108268,0.7916506,1.3608059,9.8293423
17.2838436,4.5729333,0.7966262,1.3552743,9.8634825
17.191205,4.5353609,0.8016017,1.3497427,9.8973688
17.0984353,4.4981037,0.8065773,1.3442112,9.9310043
17.0055403,4.4611587,0.8115528,1.3386796,9.9643921
16.9125235,4.4245219,0.8165284,1.333148,9.9975351
16.8193876,4.3881893,0.8215039,1.3276165,10.0304364
16.7261352,4.3521565,0.8264794,1.3220849,10.0630989
16.6327688,4.3164193,0.831455,1.3165534,10.0955254
16.539291,4.2809735,0.8364305,1.3110218,10.1277186
16.4457045,4.2458148,0.8396102,1.3068878,10.1596814
16.3520118,4.2109391,0.8426154,1.3028896,10.1914164
16.2582156,4.1763421,0.8456207,1.2988913,10.2229262
16.1643216,4.1420207,0.8486259,1.2948931,10.2542134
16.0703298,4.1079696,0.8516312,1.2908948,10.2852806
15.9762417,4.0741842,0.8546364,1.2868966,10.3161302
15.8820594,4.0406598,0.8576417,1.2828983,10.3467647
15.7877853,4.0073921,0.8606469,1.2789001,10.3771865
15.6934218,3.9743766,0.8636522,1.2749018,10.4073979
15.5989709,3.9416089,0.8666574,1.2709036,10.4374012
15.504435,3.9090845,0.8655374,1.2712306,10.4671988
15.4098165,3.8767989,0.8638965,1.2721036,10.4967928
15.3151174,3.8447477,0.8622557,1.2729766,10.5261854
15.2203467,3.8129287,0.8606148,1.2738496,10.5553788
15.1255013,3.7813355,0.858974,1.2747226,10.5843752
15.0305817,3.7499631,0.8573331,1.2755956,10.6131765
14.9355899,3.718807,0.8556923,1.2764687,10.6417849
14.8405278,3.6878627,0.8540514,1.2773417,10.6702023
14.7453974,3.6571256,0.8524106,1.2782147,10.6984307
14.6502008,3.6265911,0.8507697,1.2790877,10.7264721
14.5549397,3.5962548,0.8471959,1.2840498,10.7543285
14.4596163,3.5661121,0.8433187,1.2896539,10.7820015
14.3642324,3.5361584,0.8394414,1.295258,10.8094932
14.2687969,3.5063913,0.8355641,1.3008621,10.8368054
14.173306,3.4768046,0.8316868,1.3064662,10.8639398
14.0777602,3.4473931,0.8278096,1.3120703,10.8908982
13.9821612,3.4181522,0.8239323,1.3176744,10.9176823
13.8865106,3.3890773,0.820055,1.3232785,10.9442939
13.7908101,3.3601639,0.8161777,1.3288826,10.9707346
13.6950615,3.3314071,0.8123005,1.3344867,10.9970061
13.5992665,3.3028026,0.8089294,1.3370825,11.02311
13.5034269,3.2743455,0.8056542,1.3391082,11.049048
13.4075442,3.2460314,0.8023791,1.3411339,11.0748216
13.3116255,3.217857,0.7991039,1.3431596,11.1004324
13.215668,3.1898166,0.7958287,1.3451853,11.1258818
13.1196725,3.161905,0.7925536,1.347211,11.1511715
13.0236402,3.1341177,0.7892784,1.3492367,11.1763029
12.9275729,3.1064499,0.7860032,1.3512625,11.2012775
12.831472,3.078897,0.782728,1.3532882,11.2260968
12.735339,3.0514542,0.7794529,1.3553139,11.2507621
12.6391754,3.0241169,0.7770371,1.3582722,11.2752748
12.5429828,2.9968804,0.7748137,1.3614393,11.2996365
12.4467628,2.96974,0.7725903,1.3646064,11.3238483
12.3505193,2.9426918,0.7703669,1.3677736,11.3479117
12.2542516,2.9157311,0.7681435,1.3709407,11.3718281
12.1579604,2.8888539,0.7659201,1.3741078,11.3955986
12.0616467,2.8620562,0.7636967,1.3772749,11.4192246
11.9653118,2.8353342,0.7614733,1.380442,11.4427075
11.8689568,2.8086838,0.7592499,1.3836091,11.4660483
11.7725829,2.7821013,0.7570265,1.3867762,11.4892485
11.6761912,2.7555827,0.7560475,1.386313,11.5123091
11.5797829,2.729124,0.7553923,1.3849051,11.5352315
11.4833592,2.7027214,0.7547371,1.3834972,11.5580167
11.3869218,2.6763714,0.7540819,1.3820893,11.5806661
11.2904708,2.6500714,0.7534267,1.3806814,11.6031807
11.1940066,2.6238196,0.7527715,1.3792734,11.6255616
11.0975298,2.5976144,0.7521163,1.3778655,11.6478101
11.0010408,2.571454,0.7514611,1.3764576,11.6699272
10.9045402,2.5453365,0.7508059,1.3750497,11.6919141
10.8080284,2.5192602,0.7501508,1.3736418,11.7137717
10.7115059,2.4932235,0.7500803,1.3758379,11.7355013
10.6149733,2.4672244,0.7501845,1.379111,11.7571038
10.518431,2.4412613,0.7502888,1.3823841,11.7785803
10.4218795,2.4153323,0.7503931,1.3856573,11.7999319
10.3253193,2.3894359,0.7504973,1.3889304,11.8211595
10.2287509,2.3635703,0.7506016,1.3922035,11.8422641
10.1321746,2.3377338,0.7507058,1.3954766,11.8632468
10.035591,2.3119248,0.7508101,1.3987497,11.8841086
9.9390006,2.2861416,0.7509144,1.4020229,11.9048504
9.8424037,2.2603825,0.7510186,1.405296,11.9254732
9.7458008,2.2346459,0.7510624,1.4048776,11.9459778
9.6491924,2.20893,0.7510857,1.4032044,11.9663654
9.5525789,2.1832333,0.7511089,1.4015312,11.9866367
9.4559607,2.157554,0.7511322,1.399858,12.0067927
9.3593383,2.1318907,0.7511555,1.3981848,12.0268344
9.2627119,2.1062421,0.7511787,1.3965116,12.0467625
9.1660821,2.0806069,0.751202,1.3948384,12.066578
9.069449,2.0549837,0.7512252,1.3931652,12.0862818
8.9728131,2.0293712,0.7512485,1.391492,12.1058747
8.8761748,2.003768,0.7512717,1.3898188,12.1253575
8.7795343,1.9781729,0.751186,1.3903978,12.1447312
8.6828921,1.9525844,0.7510585,1.3918409,12.1639966
8.5862485,1.9270013,0.750931,1.3932839,12.1831543
8.4896038,1.9014223,0.7508035,1.394727,12.2022054
8.392958,1.8758469,0.7506759,1.39617,12.2211506
8.2963114,1.850275,0.7505484,1.3976131,12.2399907
8.1996639,1.8247064,0.7504209,1.3990561,12.2587264
8.1030156,1.799141,0.7502934,1.4004992,12.2773586
8.0063664,1.7735786,0.7501659,1.4019422,12.2958881
7.9097166,1.7480189,0.7500384,1.4033853,12.3143155
7.813066,1.7224619,0.7503366,1.4047789,12.3326417
7.7164148,1.6969074,0.750818,1.4061513,12.3508673
7.6197629,1.6713551,0.7512994,1.4075236,12.3689932
7.5231106,1.645805,0.7517808,1.408896,12.38702
7.4264576,1.6202571,0.7522622,1.4102684,12.4049486
7.3298041,1.5947113,0.7527436,1.4116407,12.4227795
7.23315,1.5691678,0.753225,1.4130131,12.4405135
7.1364953,1.5436264,0.7537064,1.4143854,12.4581513
7.03984,1.5180874,0.7541878,1.4157578,12.4756937
6.943184,1.4925506,0.7546692,1.4171302,12.4931412
6.8465275,1.4670162,0.7553509,1.416583,12.5104945
6.7498703,1.4414841,0.7561287,1.4151138,12.5277544
6.6532124,1.4159545,0.7569066,1.4136446,12.5449215
6.556554,1.3904273,0.7576844,1.4121754,12.5619964
6.4598949,1.3649025,0.7584623,1.4107062,12.5789798
6.3632352,1.3393803,0.7592401,1.409237,12.5958723
6.2665748,1.3138606,0.7600179,1.4077678,12.6126747
6.1699137,1.2883435,0.7607958,1.4062986,12.6293874
6.0732519,1.262829,0.7615736,1.4048294,12.6460112
5.9765894,1.2373171,0.7623515,1.4033602,12.6625466
5.8799262,1.2118079,0.7629037,1.4022963,12.6789943
5.7832622,1.1863013,0.7633355,1.4014487,12.6953549
5.6865976,1.1607975,0.7637673,1.4006011,12.7116289
5.5899323,1.1352965,0.7641991,1.3997535,12.727817
5.4932662,1.1097982,0.7646308,1.3989059,12.7439198
5.3965994,1.0843027,0.7650626,1.3980583,12.7599378
5.2999318,1.0588101,0.7654944,1.3972107,12.7758716
5.2032635,1.0333203,0.7659262,1.3963631,12.7917218
5.1065944,1.0078334,0.7663579,1.3955155,12.8074889
5.0099246,0.9823494,0.7667897,1.3946679,12.8231736
4.9132539,0.9568683,0.767083,1.3930619,12.8387763
4.8165825,0.9313901,0.7672944,1.3910073,12.8542976
4.7199103,0.905915,0.7675058,1.3889526,12.8697381
4.6232374,0.8804428,0.7677172,1.386898,12.8850983
4.5265636,0.8549736,0.7679286,1.3848434,12.9003787
4.4298891,0.8295074,0.76814,1.3827888,12.9155798
4.3332138,0.8040441,0.7683514,1.3807342,12.9307023
4.2365377,0.7785838,0.7685628,1.3786795,12.9457466
4.1398608,0.7531265,0.7687742,1.3766249,12.9607132
4.0431832,0.7276721,0.7689856,1.3745703,12.9756026
3.9465048,0.7022206,0.7698352,1.3734169,12.9904153
3.8498256,0.6767721,0.771102,1.3728527,13.0051519
3.7531456,0.6513265,0.7723687,1.3722885,13.0198129
3.6564649,0.6258838,0.7736355,1.3717243,13.0343986
3.5597834,0.6004439,0.7749022,1.37116,13.0489097
3.4631011,0.575007,0.776169,1.3705958,13.0633465
3.3664182,0.5495729,0.7774357,1.3700316,13.0777097
3.2697344,0.5241416,0.7787025,1.3694674,13.0919995
3.17305,0.4987131,0.7799692,1.3689031,13.1062166
3.0763648,0.4732875,0.781236,1.3683389,13.1203614
2.9796788,0.4478646,0.7819087,1.3680115,13.1344343
2.8829922,0.4224444,0.7821533,1.3678547,13.1484358
2.7863048,0.397027,0.7823979,1.3676979,13.1623664
2.6896167,0.3716124,0.7826424,1.3675411,13.1762265
2.5929279,0.3462004,0.782887,1.3673843,13.1900165
2.4962383,0.3207911,0.7831315,1.3672275,13.2037369
2.3995481,0.2953845,0.7833761,1.3670707,13.2173882
2.3028572,0.2699805,0.7836207,1.3669139,13.2309707
2.2061656,0.2445792,0.7838652,1.3667571,13.2444849
2.1094733,0.2191805,0.7841098,1.3666003,13.2579312
2.0127804,0.1937843,0.7844109,1.3676843,13.2713101
1.9160867,0.1683908,0.7847568,1.3697532,13.2846219
1.8193924,0.1429998,0.7851027,1.371822,13.2978672
1.7226974,0.1176113,0.7854486,1.3738908,13.3110462
1.6260018,0.0922254,0.7857946,1.3759596,13.3241594
1.5293054,0.066842,0.7861405,1.3780284,13.3372072
1.4326084,0.0414611,0.7864864,1.3800972,13.35019
1.3359108,0.0160827,0.7868323,1.382166,13.3631082
1.2392125,-0.0092932,0.7871782,1.3842348,13.3759623
1.1425136,-0.0346667,0.7875242,1.3863037,13.3887525
1.0458141,-0.0600377,0.787941,1.3852966,13.4014793
0.9491139,-0.0854062,0.7884198,1.3816044,13.4141431
0.8524131,-0.1107724,0.7888986,1.3779123,13.4267442
0.7557116,-0.1361361,0.7893773,1.3742202,13.4392831
0.6590094,-0.1614973,0.7898561,1.3705281,13.45176
0.5623066,-0.1868561,0.7903349,1.366836,13.4641755
0.4656031,-0.2122124,0.7908137,1.3631438,13.4765298
0.368899,-0.2375661,0.7912925,1.3594517,13.4888233
0.2721943,-0.2629173,0.7917712,1.3557596,13.5010564
0.1754888,-0.2882658,0.79225,1.3520675,13.5132294
0.0787827,-0.3136117,0.7931463,1.3513451,13.5253427
-0.0179241,-0.338955,0.7944433,1.3534724,13.5373967
-0.1146315,-0.3642955,0.7957403,1.3555996,13.5493917
-0.2113399,-0.3896333,0.7970373,1.3577269,13.5613281
-0.3080489,-0.4149684,0.7983343,1.3598542,13.5732062
-0.4047587,-0.4403006,0.7996312,1.3619814,13.5850263
-0.5014692,-0.4656299,0.8009282,1.3641087,13.5967888
-0.5981804,-0.4909564,0.8022252,1.366236,13.608494
-0.6948924,-0.5162799,0.8035222,1.3683632,13.6201423
-0.7916052,-0.5416003,0.8048192,1.3704905,13.631734
-0.8883188,-0.5669178,0.8056714,1.3697888,13.6432695
-0.9850332,-0.5922321,0.8060546,1.3661039,13.654749
-1.0817483,-0.6175433,0.8064378,1.3624191,13.6661729
-1.1784644,-0.6428514,0.806821,1.3587342,13.6775415
-1.2751813,-0.6681563,0.8072042,1.3550493,13.6888551
-1.3718989,-0.6934582,0.8075874,1.3513644,13.7001141
-1.4686174,-0.7187572,0.8079706,1.3476795,13.7113187
-1.5653365,-0.7440533,0.8083538,1.3439947,13.7224694
-1.6620564,-0.7693466,0.808737,1.3403098,13.7335663
-1.758777,-0.7946373,0.8091203,1.3366249,13.7446098
-1.8554983,-0.8199253,0.8095165,1.3354351,13.7556002
-1.9522203,-0.8452109,0.8099278,1.3371376,13.7665379
-2.0489429,-0.8704939,0.8103392,1.3388402,13.777423
-2.1456661,-0.8957747,0.8107505,1.3405427,13.788256
-2.2423898,-0.9210532,0.8111619,1.3422453,13.7990371
-2.3391141,-0.9463295,0.8115732,1.3439478,13.8097666
-2.435839,-0.9716037,0.8119846,1.3456504,13.8204447
-2.5325644,-0.996876,0.812396,1.3473529,13.8310719
-2.6292903,-1.0221465,0.8128073,1.3490555,13.8416484
-2.7260167,-1.0474151,0.8132187,1.350758,13.8521744
-2.8227435,-1.0726821,0.8139243,1.3506043,13.8626503
-2.9194708,-1.0979475,0.8150054,1.3480834,13.8730763
-3.0161984,-1.1232114,0.8160864,1.3455625,13.8834527
-3.1129263,-1.1484739,0.8171675,1.3430417,13.8937798
-3.2096546,-1.1737351,0.8182485,1.3405208,13.9040579
-3.3063832,-1.1989951,0.8193295,1.338,13.9142872
-3.403112,-1.224254,0.8204106,1.3354791,13.924468
-3.4998412,-1.2495119,0.8214916,1.3329582,13.9346006
-3.5965706,-1.2747688,0.8225726,1.3304374,13.9446853
-3.6933003,-1.300025,0.8236537,1.3279165,13.9547223
-3.7900301,-1.3252803,0.8246638,1.3270755,13.9647119
-3.8867602,-1.350535,0.8255743,1.3285934,13.9746543
-3.9834904,-1.3757892,0.8264847,1.3301113,13.9845498
-4.0802206,-1.4010428,0.8273952,1.3316292,13.9943987
-4.176951,-1.426296,0.8283057,1.3331471,14.0042013
-4.2736814,-1.451549,0.8292162,1.334665,14.0139577
-4.3704118,-1.4768017,0.8301266,1.3361829,14.0236682
-4.4671424,-1.5020544,0.8310371,1.3377008,14.0333331
-4.5638729,-1.527307,0.8319476,1.3392187,14.0429527
-4.6606035,-1.5525597,0.8328581,1.3407366,14.0525271
-4.757334,-1.5778126,0.8335685,1.3400981,14.0620567
-4.8540645,-1.6030657,0.8339691,1.3361198,14.0715417
-4.9507949,-1.6283192,0.8343697,1.3321414,14.0809822
-5.047525,-1.6535731,0.8347703,1.3281631,14.0903787
-5.144255,-1.6788276,0.8351709,1.3241847,14.0997312
-5.2409849,-1.7040826,0.8355715,1.3202064,14.1090401
-5.3377145,-1.7293384,0.8359721,1.316228,14.1183055
-5.434444,-1.754595,0.8363727,1.3122497,14.1275278
-5.5311733,-1.7798525,0.8367733,1.3082713,14.1367071
-5.6279024,-1.805111,0.8371739,1.304293,14.1458436
-5.7246311,-1.8303706,0.8375702,1.3024762,14.1549377
-5.8213596,-1.8556313,0.8379593,1.3043601,14.1639895
-5.9180878,-1.8808934,0.8383483,1.306244,14.1729993
-6.0148155,-1.9061567,0.8387373,1.3081279,14.1819672
-6.1115428,-1.9314215,0.8391264,1.3100118,14.1908936
-6.2082697,-1.9566878,0.8395154,1.3118957,14.1997786
-6.3049962,-1.9819558,0.8399045,1.3137796,14.2086224
-6.4017223,-2.0072255,0.8402935,1.3156634,14.2174253
-6.4984479,-2.032497,0.8406826,1.3175473,14.2261875
-6.595173,-2.0577704,0.8410716,1.3194312,14.2349093
-6.6918977,-2.0830458,0.8417067,1.319553,14.2435907
-6.7886218,-2.1083233,0.8428085,1.3163311,14.2522321
-6.8853454,-2.133603,0.8439104,1.3131093,14.2608336
-6.9820682,-2.1588848,0.8450123,1.3098874,14.2693954
-7.0787904,-2.1841691,0.8461142,1.3066656,14.2779179
-7.175512,-2.2094558,0.8472161,1.3034437,14.2864011
-7.2722329,-2.234745,0.848318,1.3002218,14.2948453
-7.3689532,-2.2600369,0.8494199,1.297,14.3032507
-7.4656728,-2.2853315,0.8505217,1.2937781,14.3116174
-7.5623917,-2.3106289,0.8516236,1.2905563,14.3199458
-7.6591098,-2.3359292,0.8526596,1.2893096,14.328236
-7.7558272,-2.3612326,0.8535567,1.2922307,14.3364881
-7.8525438,-2.386539,0.8544538,1.2951518,14.3447025
-7.9492594,-2.4118485,0.8553508,1.2980729,14.3528792
-8.0459741,-2.4371613,0.8562479,1.300994,14.3610185
-8.142688,-2.4624774,0.8571449,1.3039151,14.3691206
-8.239401,-2.487797,0.858042,1.3068362,14.3771857
-8.3361131,-2.5131202,0.858939,1.3097573,14.385214
-8.4328242,-2.5384469,0.8598361,1.3126784,14.3932056
-8.5295345,-2.5637774,0.8607331,1.3155995,14.4011607
-8.6262437,-2.5891117,0.8614475,1.3163372,14.4090796
-8.7229519,-2.6144499,0.8617313,1.3119298,14.4169625
-8.8196592,-2.6397921,0.8620151,1.3075224,14.4248094
-8.9163651,-2.6651383,0.862299,1.303115,14.4326206
-9.01307,-2.6904887,0.8625828,1.2987076,14.4403963
-9.1097738,-2.7158434,0.8628667,1.2943002,14.4481367
-9.2064765,-2.7412024,0.8631505,1.2898928,14.4558419
-9.303178,-2.7665658,0.8634343,1.2854854,14.4635122
-9.3998784,-2.7919338,0.8637182,1.281078,14.4711476
-9.4965776,-2.8173064,0.864002,1.2766706,14.4787484
-9.5932755,-2.8426837,0.8642979,1.2733522,14.4863148
-9.6899723,-2.8680658,0.8646257,1.2729146,14.493847
-9.7866677,-2.8934528,0.8649534,1.2724769,14.501345
-9.8833617,-2.9188448,0.8652812,1.2720392,14.5088091
-9.9800544,-2.9442418,0.865609,1.2716016,14.5162395
-10.0767457,-2.969644,0.8659367,1.2711639,14.5236363
-10.1734356,-2.9950514,0.8662645,1.2707262,14.5309997
-10.2701242,-3.0204642,0.8665923,1.2702885,14.5383299
-10.3668114,-3.0458824,0.86692,1.2698509,14.545627
-10.4634971,-3.0713062,0.8672478,1.2694132,14.5528912
-10.5601814,-3.0967355,0.8677431,1.2689166,14.5601227
-10.6568642,-3.1221706,0.8687393,1.2682436,14.5673216
-10.7535455,-3.1476115,0.8697354,1.2675707,14.5744881
-10.8502251,-3.1730582,0.8707315,1.2668978,14.5816224
-10.9469032,-3.1985108,0.8717276,1.2662249,14.5887246
-11.0435796,-3.2239696,0.8727238,1.265552,14.5957949
-11.1402545,-3.2494345,0.8737199,1.264879,14.6028335
-11.2369277,-3.2749056,0.874716,1.2642061,14.6098404
-11.3335993,-3.3003831,0.8757121,1.2635332,14.616816
-11.4302692,-3.325867,0.8767083,1.2628603,14.6237602
-11.5269374,-3.3513574,0.8776297,1.2630898,14.6306733
-11.6236039,-3.3768544,0.8782972,1.26639,14.6375555
-11.7202686,-3.4023581,0.8789647,1.2696901,14.6444069
-11.8169314,-3.4278686,0.8796321,1.2729903,14.6512276
-11.9135924,-3.4533859,0.8802996,1.2762904,14.6580177
-12.0102515,-3.4789102,0.8809671,1.2795906,14.6647776
-12.1069089,-3.5044416,0.8816345,1.2828907,14.6715072
-12.2035643,-3.5299801,0.882302,1.2861909,14.6782068
-12.3002179,-3.5555258,0.8829694,1.289491,14.6848765
-12.3968695,-3.5810789,0.8836369,1.2927912,14.6915165
-12.4935192,-3.6066393,0.8841564,1.2946224,14.6981268
-12.5901669,-3.6322073,0.8840971,1.2907057,14.7047077
-12.6868127,-3.6577829,0.8840378,1.286789,14.7112592
-12.7834563,-3.6833661,0.8839785,1.2828723,14.7177816
-12.8800978,-3.7089571,0.8839192,1.2789556,14.724275
-12.9767372,-3.734556,0.8838599,1.2750389,14.7307395
-13.0733746,-3.7601628,0.8838006,1.2711221,14.7371753
-13.1700098,-3.7857776,0.8837413,1.2672054,14.7435824
-13.2666429,-3.8114006,0.8836821,1.2632887,14.7499611
-13.3632739,-3.8370319,0.8836228,1.259372,14.7563115
-13.4599026,-3.8626714,0.8836054,1.2558393,14.7626337
-13.5565292,-3.8883194,0.8837793,1.2540565,14.7689279
-13.6531535,-3.9139758,0.8839531,1.2522737,14.7751941
-13.7497754,-3.9396408,0.884127,1.2504909,14.7814326
-13.8463949,-3.9653145,0.8843008,1.2487082,14.7876435
-13.9430122,-3.9909969,0.8844747,1.2469254,14.7938269
-14.0396272,-4.0166882,0.8846486,1.2451426,14.7999829
-14.1362397,-4.0423884,0.8848224,1.2433598,14.8061117
-14.2328499,-4.0680977,0.8849963,1.241577,14.8122133
-14.3294577,-4.0938161,0.8851701,1.2397942,14.8182881
-14.426063,-4.1195437,0.8854527,1.2385192,14.824336
-14.5226659,-4.1452806,0.8863221,1.2399843,14.8303572
-14.6192663,-4.1710269,0.8871914,1.2414494,14.8363518
-14.715864,-4.1967827,0.8880607,1.2429145,14.84232
-14.8124592,-4.222548,0.8889301,1.2443796,14.8482618
-14.9090519,-4.248323,0.8897994,1.2458447,14.8541775
-15.0056419,-4.2741078,0.8906688,1.2473098,14.8600671
-15.1022293,-4.2999024,0.8915381,1.2487749,14.8659308
-15.1988141,-4.3257069,0.8924074,1.25024,14.8717687
-15.2953962,-4.3515215,0.8932768,1.251705,14.8775809
-15.3919756,-4.3773462,0.8940518,1.2532943,14.8833675
-15.4885523,-4.4031811,0.8942108,1.2556944,14.8891287
-15.5851263,-4.4290263,0.8943698,1.2580946,14.8948646
-15.6816974,-4.4548819,0.8945288,1.2604947,14.9005753
-15.7782657,-4.4807479,0.8946878,1.2628949,14.9062609
-15.8748311,-4.5066245,0.8948468,1.265295,14.9119215
-15.9713938,-4.5325118,0.8950058,1.2676951,14.9175574
-16.0679535,-4.5584098,0.8951648,1.2700953,14.9231685
-16.1645104,-4.5843186,0.8953238,1.2724954,14.928755
-16.2610643,-4.6102384,0.8954828,1.2748956,14.9343171
-16.3576153,-4.6361692,0.895573,1.2767545,14.9398547
-16.4541633,-4.6621112,0.8951013,1.2741953,14.9453682
-16.5507083,-4.6880643,0.8946295,1.2716361,14.9508575
-16.6472502,-4.7140287,0.8941578,1.2690769,14.9563228
-16.743789,-4.7400044,0.893686,1.2665177,14.9617642
-16.8403248,-4.7659917,0.8932143,1.2639585,14.9671818
-16.9368574,-4.7919905,0.8927426,1.2613993,14.9725758
-17.0333869,-4.8180009,0.8922708,1.2588401,14.9779462
-17.1299133,-4.8440231,0.8917991,1.2562809,14.9832931
-17.2264365,-4.8700572,0.8913274,1.2537217,14.9886167
-17.3229565,-4.8961032,0.890978,1.2512797,14.9939171
-17.4194732,-4.9221612,0.8919363,1.2500899,14.9991944
-17.5159867,-4.9482313,0.8928946,1.2489001,15
-17.6124968,-4.9743135,0.893853,1.2477103,15
-17.7090036,-5.0004081,0.8948113,1.2465206,15
-17.8055071,-5.026515,0.8957697,1.2453308,15
-17.9020071,-5.0526344,0.896728,1.244141,15
-17.9985038,-5.0787664,0.8976864,1.2429513,15
-18.0949971,-5.104911,0.8986447,1.2417615,15
-18.191487,-5.1310684,0.8996031,1.2405717,15
-18.2879733,-5.1572386,0.9004657,1.2395564,15
-18.3844562,-5.1834218,0.8998798,1.2411823,15
-18.4809355,-5.2096179,0.8992939,1.2428083,15
-18.5774112,-5.2358272,0.8987079,1.2444342,15
-18.6738834,-5.2620496,0.898122,1.2460602,15
-18.7703519,-5.2882853,0.897536,1.2476861,15
-18.8668168,-5.3145344,0.8969501,1.2493121,15
-18.963278,-5.340797,0.8963642,1.250938,15
-19.0597355,-5.3670732,0.8957782,1.252564,15
-19.1561894,-5.393363,0.8951923,1.2541899,15
-19.2526395,-5.4196665,0.8946115,1.2558587,15
-19.3490858,-5.4459839,0.8941603,1.2586026,15
-19.4455283,-5.4723152,0.8937091,1.2613465,15
-19.541967,-5.4986606,0.8932578,1.2640904,15
-19.6384018,-5.52502,0.8928066,1.2668342,15
-19.7348327,-5.5513936,0.8923554,1.2695781,15
-19.8312597,-5.5777816,0.8919041,1.272322,15
-19.9276828,-5.6041839,0.8914529,1.2750659,15
-20.0241019,-5.6306007,0.8910017,1.2778097,15
-20.120517,-5.6570321,0.8905505,1.2805536,15
-20.2169282,-5.6834781,0.8901077,1.2832411,15
-20.3133352,-5.7099389,0.8902282,1.282164,15
-20.4097382,-5.7364145,0.8903486,1.2810869,15
-20.5061371,-5.7629051,0.8904691,1.2800098,15
-20.6025318,-5.7894106,0.8905896,1.2789327,15
-20.6989224,-5.8159313,0.8907101,1.2778556,15
-20.7953087,-5.8424673,0.8908305,1.2767785,15
-20.8916909,-5.8690185,0.890951,1.2757014,15
-20.9880688,-5.8955851,0.8910715,1.2746242,15
-21.0844425,-5.9221673,0.891192,1.2735471,15
-21.1808119,-5.948765,0.8913125,1.27247,15
-21.277177,-5.9753784,0.8907402,1.2724561,15
-21.3735377,-6.0020076,0.8901618,1.2724516,15
-21.4698939,-6.0286526,0.8895834,1.2724472,15
-21.5662457,-6.0553136,0.889005,1.2724427,15
-21.6625931,-6.0819904,0.8884266,1.2724382,15
-21.7589362,-6.1086831,0.8878481,1.2724338,15
-21.8552748,-6.1353918,0.8872697,1.2724293,15
-21.9516091,-6.1621164,0.8866913,1.2724249,15
-22.047939,-6.188857,0.8861129,1.2724204,15
-22.1442644,-6.2156135,0.8855345,1.272416,15
-22.2405855,-6.242386,0.8842166,1.2724148,15
-22.3369021,-6.2691746,0.8828739,1.2724136,15
-22.433214,-6.295979,0.8815312,1.2724125,15
-22.5295215,-6.3227995,0.8801885,1.2724114,15
-22.6258246,-6.349636,0.8788458,1.2724103,15
-22.7221233,-6.3764885,0.8775031,1.2724092,15
-22.8184175,-6.4033571,0.8761604,1.2724081,15
-22.9147072,-6.4302417,0.8748177,1.272407,15
-23.0109925,-6.4571423,0.873475,1.2724059,15
-23.1072733,-6.484059,0.8721323,1.2724048,15
-23.2035497,-6.5109918,0.8709964,1.2778085,15
-23.2998216,-6.5379406,0.8698727,1.2835331,15
-23.3960888,-6.5649054,0.868749,1.2892578,15
-23.4923516,-6.5918863,0.8676254,1.2949824,15
-23.5886098,-6.6188833,0.8665017,1.300707,15
-23.6848635,-6.6458963,0.8653781,1.3064317,15
-23.7811128,-6.6729255,0.8642544,1.3121563,15
-23.8773575,-6.6999708,0.8631308,1.3178809,15
-23.9735977,-6.7270321,0.8620071,1.3236056,15
-24.0698334,-6.7541097,0.8608834,1.3293302,15
-24.1660646,-6.7812033,0.8602415,1.3267577,15
-24.2622913,-6.8083131,0.8596413,1.3234673,15
-24.3585133,-6.835439,0.8590411,1.3201768,15
-24.4547307,-6.862581,0.8584409,1.3168863,15
-24.5509437,-6.8897392,0.8578407,1.3135958,15
-24.647152,-6.9169136,0.8572405,1.3103053,15
-24.7433558,-6.9441041,0.8566403,1.3070149,15
-24.8395551,-6.9713107,0.85604,1.3037244,15
-24.9357498,-6.9985335,0.8554398,1.3004339,15
-25.0319398,-7.0257725,0.8548396,1.2971434,15
-25.1281253,-7.0530276,0.8537725,1.3006031,15
-25.2243063,-7.0802988,0.8526517,1.30484,15
-25.3204826,-7.1075863,0.8515309,1.3090768,15
-25.4166544,-7.1348899,0.8504101,1.3133137,15
-25.5128216,-7.1622097,0.8492893,1.3175506,15
-25.6089841,-7.1895457,0.8481685,1.3217874,14.9692191
-25.7051421,-7.216898,0.8470477,1.3260243,14.8616047
-25.8012954,-7.2442665,0.8459269,1.3302611,14.7536066
-25.897444,-7.2716513,0.8448061,1.334498,14.6452146
-25.993588,-7.2990524,0.8436853,1.3387348,14.5364185
-26.0897274,-7.3264699,0.8418629,1.3371403,14.4272074
-26.185862,-7.3539036,0.8399386,1.3346985,14.3175702
-26.2819923,-7.3813538,0.8380143,1.3322568,14.2074868
-26.3781178,-7.4088203,0.83609,1.3298151,14.096945
-26.4742387,-7.4363031,0.8341656,1.3273734,13.9859328
-26.5703548,-7.4638021,0.8322413,1.3249317,13.8744376
-26.6664664,-7.4913173,0.830317,1.32249,13.7624463
-26.7625732,-7.5188486,0.8283927,1.3200483,13.6499454
-26.8586753,-7.546396,0.8264684,1.3176066,13.5369209
-26.9547728,-7.5739595,0.8245441,1.3151649,13.4233582
-27.0508656,-7.601539,0.8226216,1.3196961,13.3092423
-27.1469537,-7.6291345,0.8206994,1.3254621,13.1945573
-27.2430375,-7.656746,0.8187772,1.331228,13.0793143
-27.3391166,-7.6843736,0.8168551,1.336994,12.9634964
-27.435191,-7.7120175,0.8149329,1.34276,12.8470856
-27.5312607,-7.7396779,0.8130107,1.348526,12.7300632
-27.6273255,-7.7673548,0.8110885,1.354292,12.6124096
-27.7233856,-7.7950485,0.8091664,1.360058,12.4941047
-27.8194408,-7.8227591,0.8072442,1.3658239,12.375127
-27.9154912,-7.8504869,0.805322,1.3715899,12.2554547
-28.0115367,-7.8782319,0.8039209,1.3711261,12.1350646
-28.1075772,-7.9059944,0.8026295,1.3693496,12.0139326
-28.2036133,-7.9337746,0.8013382,1.367573,11.8919536
-28.2996446,-7.9615718,0.8000469,1.3657965,11.7691012
-28.3956709,-7.9893857,0.7987556,1.36402,11.6453489
-28.4916925,-8.0172156,0.7974642,1.3622434,11.5206689
-28.5877094,-8.0450611,0.7961729,1.3604669,11.3950317
-28.6837215,-8.0729216,0.7948816,1.3586904,11.2684064
-28.779729,-8.1007966,0.7935902,1.3569138,11.1407605
-28.8757319,-8.1286856,0.7922989,1.3551373,11.0120596
-28.9717302,-8.1565881,0.7906083,1.3580133,10.8822672
-29.067724,-8.1845036,0.7888194,1.3620354,10.751345
-29.1637157,-8.2124304,0.7870305,1.3660574,10.6188064
-29.259706,-8.2403596,0.7852415,1.3700794,10.4850602
-29.3556984,-8.2682811,0.7834526,1.3741015,10.3512065
-29.4516959,-8.2961847,0.7816637,1.3781235,10.2171774
-29.5477019,-8.3240603,0.7798747,1.3821456,10.0829027
-29.6437195,-8.3518976,0.7780858,1.3861676,9.9483097
-29.7397521,-8.3796867,0.7762969,1.3901896,9.8133226
-29.8358028,-8.4074173,0.7745079,1.3942117,9.6778624
-29.9318749,-8.4350793,0.7722388,1.3954254,9.5418468
-30.0279716,-8.4626625,0.7698333,1.3958412,9.4051894
-30.1240788,-8.4901436,0.7674277,1.3962571,9.2723378
-30.2202293,-8.5174782,0.7650222,1.3966729,9.1431651
-30.3164391,-8.5446085,0.7626167,1.3970888,9.0175207
-30.4127236,-8.5714767,0.7602111,1.3975047,8.8952594
-30.5090987,-8.5980248,0.7578056,1.3979205,8.7762413
-30.60558,-8.624195,0.7554,1.3983364,8.6603307
-30.7021832,-8.6499294,0.7529945,1.3987522,8.5473951
-30.7989241,-8.6751702,0.750589,1.3991681,8.4373044
-30.8958182,-8.6998594,0.750186,1.3963111,8.32993
-30.9928813,-8.7239393,0.7504324,1.3923931,8.2251437
-31.0900049,-8.7473192,0.7506788,1.3884751,8.1243409
-31.1873201,-8.769955,0.7509251,1.3845571,8.0274354
-31.2848353,-8.791768,0.7511715,1.380639,7.934342
-31.3825587,-8.8126798,0.7514178,1.376721,7.8449822
-31.480498,-8.8326117,0.7516642,1.372803,7.7592819
-31.5786613,-8.8514852,0.7519105,1.3688849,7.6771696
-31.6770564,-8.8692217,0.7521569,1.3649669,7.5985739
-31.7756914,-8.8857425,0.7524033,1.3610489,7.5234212
-31.8745741,-8.9009691,0.758531,1.3582389,7.4516334
-31.9737124,-8.9148229,0.7668169,1.3558356,7.3831251
-32.0729002,-8.9271981,0.7751028,1.3534323,7.3188246
-32.1723089,-8.9380309,0.7833887,1.3510289,7.2588993
-32.2719029,-8.9472249,0.7916746,1.3486256,7.2035206
-32.3716431,-8.9546832,0.7999605,1.3462222,7.1528753
-32.4714906,-8.9603087,0.8082464,1.3438189,7.1071635
-32.5714063,-8.9640046,0.8165323,1.3414155,7.0665948
-32.6713514,-8.965674,0.8248182,1.3390122,7.0313846
-32.7712867,-8.9652199,0.8331041,1.3366089,7.0017491
-32.8711732,-8.9625455,0.8513683,1.321094,6.9779001
-32.9709721,-8.9575537,0.8737486,1.3001707,6.9600381
-33.0707405,-8.9501525,0.8961288,1.2792475,6.9421323
-33.1703162,-8.9403248,0.918509,1.2583242,6.9241376
-33.2696219,-8.9280684,0.9408892,1.2374009,6.9059063
-33.368585,-8.9133812,0.9632694,1.2164776,6.8877699
-33.4671334,-8.8962608,0.9856497,1.1955543,6.8699239
-33.5651946,-8.8767049,1.0080299,1.174631,6.8525507
-33.6626963,-8.8547111,1.0304101,1.1537077,6.8358358
-33.7595661,-8.8302771,1.0527903,1.1327844,6.8199673
-33.8557316,-8.8034006,1.0798367,1.1004964,6.8051358
-33.9511205,-8.7740794,1.1090352,1.0629669,6.7915338
-34.0459355,-8.7422231,1.1382337,1.0254375,6.7779045
-34.1398775,-8.7079435,1.1674321,0.987908,6.76681
-34.2328896,-8.6712957,1.1966306,0.9503785,6.7583866
-34.3249352,-8.6323289,1.2258291,0.9128491,6.752467
-34.4159777,-8.5910917,1.2550275,0.8753196,6.7488805
-34.5059806,-8.5476332,1.284226,0.8377902,6.7474541
-34.5949071,-8.5020022,1.3134244,0.8002607,6.7480138
-34.6827209,-8.4542475,1.3426229,0.7627312,6.7503856
-34.7693852,-8.4044182,1.3580992,0.75,6.7543962
-34.8548634,-8.352563,1.3665306,0.75,6.7598741
-34.9390046,-8.298812,1.3749621,0.75,6.7666494
-35.0219161,-8.2431638,1.3833935,0.75,6.7769628
-35.103605,-8.1856834,1.3918249,0.75,6.7907859
-35.1840705,-8.1264411,1.4002564,0.75,6.8079273
-35.2633117,-8.065507,1.4086878,0.75,6.8281935
-35.3413279,-8.002951,1.4171192,0.75,6.8513907
-35.4181183,-7.9388433,1.4255507,0.75,6.877327
-35.493682,-7.8732541,1.4339821,0.75,6.9058131
-35.5680183,-7.8062533,1.4172019,0.7633651,6.9366637
-35.6411264,-7.7379111,1.386065,0.7843408,6.9696983
-35.71294,-7.6683635,1.3549281,0.8053166,7.0047415
-35.7835462,-7.597608,1.3237913,0.8262923,7.0421789
-35.8529759,-7.5256949,1.2926544,0.8472681,7.0819996
-35.9212548,-7.452679,1.2615175,0.8682438,7.1241522
-35.9884087,-7.3786156,1.2303807,0.8892196,7.1685818
-36.0544635,-7.3035595,1.1992438,0.9101953,7.2152317
-36.119445,-7.2275658,1.1681069,0.9311711,7.2640445
-36.183379,-7.1506896,1.1369701,0.9521468,7.3149632
-36.2462913,-7.0729858,1.1088004,0.9765413,7.3679327
-36.3082077,-6.9945095,1.0824996,1.003089,7.4229001
-36.3692057,-6.9152513,1.0561988,1.0296366,7.4791863
-36.4292877,-6.8353151,1.029898,1.0561843,7.5348289
-36.4885031,-6.7547523,1.0035971,1.0827319,7.5898429
-36.5469056,-6.6736085,0.9772963,1.1092796,7.6442428
-36.6045487,-6.5919293,0.9509955,1.1358273,7.6980425
-36.6614862,-6.5097604,0.9246946,1.1623749,7.7512553
-36.7177719,-6.4271475,0.8983938,1.1889226,7.8038941
-36.7734593,-6.3441362,0.872093,1.2154702,7.8559712
-36.8286021,-6.2607722,0.8547574,1.2344561,7.9074986
-36.883254,-6.1771012,0.8436527,1.2481865,7.9584878
-36.9375132,-6.0930956,0.8325481,1.2619169,8.00895
-36.9913849,-6.0088498,0.8214434,1.2756472,8.0588957
-37.0449099,-5.9243977,0.8103387,1.2893776,8.1083353
-37.0981333,-5.8397665,0.799234,1.303108,8.1572789
-37.1511005,-5.754983,0.7881293,1.3168384,8.205736
-37.2038566,-5.6700742,0.7770247,1.3305688,8.2537161
-37.256447,-5.5850672,0.76592,1.3442992,8.3012282
-37.3089168,-5.4999889,0.7548153,1.3580296,8.3482809
-37.3613113,-5.4148663,0.75,1.3653775,8.3948829
-37.4136757,-5.3297264,0.75,1.3678388,8.4410423
-37.4660594,-5.2445785,0.75,1.3703001,8.4867671
-37.5184688,-5.1594448,0.75,1.3727614,8.5320649
-37.5709093,-5.0743303,0.75,1.3752227,8.5769433
-37.6233869,-4.989239,0.75,1.377684,8.6214096
-37.675908,-4.9041745,0.75,1.3801453,8.6654708
-37.7284788,-4.8191407,0.75,1.3826066,8.7091337
-37.7811053,-4.7341413,0.75,1.3850679,8.7524051
-37.8337939,-4.6491801,0.75,1.3875292,8.7952914
-37.8865507,-4.564261,0.7527904,1.3849854,8.8377988
-37.939382,-4.4793876,0.7579313,1.3782254,8.8799336
-37.9922914,-4.3945656,0.7630722,1.3714655,8.9217016
-38.0452809,-4.3097932,0.7682131,1.3647055,8.9631086
-38.0983493,-4.2250696,0.7733541,1.3579455,9.0041604
-38.1514955,-4.1403942,0.778495,1.3511856,9.0448624
-38.2047183,-4.0557666,0.7836359,1.3444256,9.0852199
-38.2580165,-3.9711861,0.7887768,1.3376657,9.1252382
-38.3113891,-3.8866521,0.7939178,1.3309057,9.1649224
-38.3648349,-3.8021642,0.7990587,1.3241457,9.2042774
-38.4183526,-3.7177217,0.8058018,1.3174059,9.243308
-38.4719412,-3.6333241,0.8140287,1.3106848,9.282019
-38.525599,-3.5489716,0.8222556,1.3039637,9.3204149
-38.5793253,-3.4646629,0.8304825,1.2972426,9.3585004
-38.633119,-3.3803972,0.8387094,1.2905215,9.3962796
-38.6869791,-3.2961738,0.8469364,1.2838004,9.433757
-38.7409045,-3.2119922,0.8551633,1.2770793,9.4709368
-38.7948939,-3.1278517,0.8633902,1.2703582,9.5078229
-38.8489464,-3.0437516,0.8716171,1.2636371,9.5444195
-38.9030608,-2.9596913,0.879844,1.256916,9.5807303
-38.957236,-2.8756701,0.8873694,1.2513752,9.6167593
-39.0114708,-2.7916874,0.8941806,1.247036,9.6525102
-39.0657642,-2.7077426,0.9009918,1.2426967,9.6879866
-39.1201153,-2.6238352,0.9078031,1.2383574,9.723192
-39.1745233,-2.5399647,0.9146143,1.2340182,9.7581301
-39.2289874,-2.4561305,0.9214255,1.2296789,9.7928042
-39.2835066,-2.3723323,0.9282368,1.2253396,9.8272176
-39.3380803,-2.2885694,0.935048,1.2210003,9.8613737
-39.3927076,-2.2048415,0.9418592,1.2166611,9.8952756
-39.4473876,-2.1211481,0.9486705,1.2123218,9.9289265
-39.5021196,-2.0374887,0.9543225,1.2059526,9.9623296
-39.5569026,-1.9538627,0.9586778,1.1973124,9.9954877
-39.6117361,-1.8702695,0.963033,1.1886721,10.0284039
-39.6666191,-1.7867087,0.9673883,1.1800319,10.0610811
-39.7215507,-1.70318,0.9717435,1.1713917,10.0935222
-39.7765299,-1.6196827,0.9760988,1.1627514,10.1257298
-39.8315561,-1.5362164,0.980454,1.1541112,10.1577068
-39.8866283,-1.4527805,0.9848093,1.145471,10.1894558
-39.9417456,-1.3693746,0.9891645,1.1368307,10.2209795
-39.9969074,-1.285998,0.9935198,1.1281905,10.2522804
-40.0521126,-1.2026504,0.9975341,1.1222818,10.2833612
-40.1073604,-1.1193311,1.0011291,1.1197336,10.3142242
-40.1626505,-1.036039,1.004724,1.1171854,10.344872
-40.2179816,-0.9527742,1.008319,1.1146371,10.3753069
-40.2733528,-0.8695361,1.0119139,1.1120889,10.4055312
-40.3287634,-0.7863244,1.0155089,1.1095407,10.4355474
-40.3842124,-0.7031384,1.0191038,1.1069925,10.4653576
-40.439699,-0.6199776,1.0226988,1.1044442,10.4949642
-40.4952225,-0.5368415,1.0262937,1.101896,10.5243692
-40.550782,-0.4537295,1.0298887,1.0993478,10.553575
-40.6063766,-0.3706412,1.0329391,1.0972467,10.5825835
-40.6620055,-0.287576,1.0352521,1.0957512,10.6113968
-40.7176685,-0.2045326,1.0375651,1.0942556,10.6400171
-40.7733642,-0.1215111,1.0398781,1.0927601,10.6684463
-40.8290918,-0.0385112,1.0421911,1.0912645,10.6966864
-40.8848504,0.0444678,1.0445041,1.089769,10.7247393
-40.9406392,0.1274264,1.0468171,1.0882734,10.7526071
-40.9964573,0.210365,1.0491301,1.0867779,10.7802914
-41.052304,0.2932843,1.0514431,1.0852823,10.8077943
-41.1081784,0.3761847,1.0537561,1.0837867,10.8351176
-41.1640798,0.4590669,1.0561011,1.0815869,10.8622629
-41.2200071,0.5419313,1.0584939,1.0783358,10.8892322
-41.2759604,0.6247795,1.0608867,1.0750848,10.9160271
-41.3319382,0.7076111,1.0632795,1.0718337,10.9426493
-41.3879396,0.7904266,1.0656723,1.0685826,10.9691005
-41.4439637,0.8732265,1.0680651,1.0653315,10.9953825
-41.5000099,0.9560114,1.0704578,1.0620805,11.0214968
-41.5560772,1.0387818,1.0728506,1.0588294,11.047445
-41.6121648,1.1215383,1.0752434,1.0555783,11.0732287
-41.6682719,1.2042814,1.0776362,1.0523272,11.0988495
-41.7243978,1.2870117,1.0800345,1.0498288,11.1243089
-41.7805415,1.3697296,1.0824418,1.0485712,11.1496085
-41.836703,1.4524369,1.0848491,1.0473135,11.1747497
-41.8928807,1.5351329,1.0872564,1.0460559,11.199734
-41.9490739,1.6178184,1.0896636,1.0447982,11.2245628
-42.0052817,1.7004937,1.0920709,1.0435406,11.2492376
-42.0615034,1.7831595,1.0944782,1.0422829,11.2737598
-42.117738,1.8658164,1.0968855,1.0410253,11.2981307
-42.1739848,1.9484647,1.0992928,1.0397676,11.3223518
-42.2302429,2.0311052,1.1017001,1.0385099,11.3464244
-42.2865116,2.1137384,1.1040382,1.0373674,11.3703498
-42.3427901,2.1963648,1.1062498,1.0364351,11.3941293
-42.3990781,2.2789859,1.1084615,1.0355027,11.4177643
-42.4553743,2.3616014,1.1106732,1.0345704,11.441256
-42.5116777,2.4442117,1.1128849,1.033638,11.4646056
-42.5679877,2.5268176,1.1150965,1.0327057,11.4878144
-42.6243033,2.6094193,1.1173082,1.0317734,11.5108837
-42.6806238,2.6920177,1.1195199,1.030841,11.5338146
-42.7369483,2.7746131,1.1217315,1.0299087,11.5566083
-42.7932761,2.8572062,1.1239432,1.0289763,11.579266
-42.8496063,2.9397975,1.1261149,1.028078,11.6017889
-42.9059382,3.0223875,1.1282054,1.0272488,11.6241781
-42.9622714,3.1049777,1.1302959,1.0264197,11.6464348
-43.0186047,3.1875679,1.1323864,1.0255905,11.66856
-43.0749371,3.2701584,1.1344769,1.0247613,11.6905549
-43.1312679,3.35275,1.1365674,1.0239321,11.7124206
-43.1875963,3.4353431,1.1386579,1.0231029,11.734158
-43.2439214,3.5179382,1.1407484,1.0222737,11.7557684
-43.3002425,3.600536,1.1428389,1.0214445,11.7772527
-43.3565587,3.6831371,1.1449294,1.0206153,11.7986119
-43.4128692,3.7657418,1.1470208,1.0197546,11.8198472
-43.4691732,3.8483509,1.1491146,1.0188229,11.8409595
-43.5254705,3.9309656,1.1512083,1.0178912,11.8619497
-43.5817596,4.0135857,1.153302,1.0169594,11.8828189
-43.6380398,4.0962118,1.1553957,1.0160277,11.9035681
-43.6943103,4.1788444,1.1574894,1.015096,11.9241982
-43.7505702,4.2614841,1.1595831,1.0141642,11.9447102
-43.8068188,4.3441315,1.1616768,1.0132325,11.965105
-43.8630552,4.426787,1.1637705,1.0123008,11.9853835
-43.9192786,4.5094512,1.1658643,1.011369,12.0055467
-43.9754883,4.5921248,1.1679869,1.0103051,12.0255954
-44.0316833,4.6748082,1.1701826,1.0089064,12.0455305
-44.0878633,4.7575025,1.1723784,1.0075077,12.065353
-44.1440271,4.8402078,1.1745742,1.006109,12.0850636
-44.2001738,4.9229246,1.17677,1.0047104,12.1046634
-44.2563027,5.0056534,1.1789657,1.0033117,12.124153
-44.3124129,5.0883948,1.1811615,1.001913,12.1435335
-44.3685036,5.1711494,1.1833573,1.0005143,12.1628055
-44.424574,5.2539176,1.1855531,0.9991156,12.1819699
-44.4806233,5.3367001,1.1877488,0.9977169,12.2010276
-44.5366507,5.4194974,1.1900037,0.9959822,12.2199793
-44.5926553,5.50231,1.1924272,0.9932891,12.2388259
-44.6486366,5.5851388,1.1948508,0.9905959,12.2575681
-44.7045936,5.6679841,1.1972743,0.9879027,12.2762067
-44.7605253,5.7508463,1.1996978,0.9852095,12.2947424
-44.8164311,5.833726,1.2021213,0.9825164,12.3131762
-44.87231,5.9166238,1.2045448,0.9798232,12.3315086
-44.9281612,5.9995402,1.2069683,0.97713,12.3497405
-44.983984,6.0824757,1.2093919,0.9744369,12.3678725
-45.0397775,6.1654309,1.2118154,0.9717437,12.3859055
-45.095541,6.2484063,1.2143097,0.9689818,12.4038401
-45.1512735,6.3314024,1.2170335,0.9659977,12.421677
-45.2069743,6.41442,1.2197573,0.9630135,12.439417
-45.2626425,6.4974593,1.222481,0.9600293,12.4570608
-45.3182774,6.5805211,1.2252048,0.9570451,12.474609
-45.373878,6.6636058,1.2279285,0.9540609,12.4920624
-45.4294437,6.7467138,1.2306523,0.9510767,12.5094215
-45.4849734,6.8298459,1.233376,0.9480925,12.5266872
-45.5404665,6.9130024,1.2360998,0.9451084,12.54386
-45.5959221,6.996184,1.2388235,0.9421242,12.5609406
-45.6513393,7.0793911,1.2416257,0.9390477,12.5779297
-45.7067174,7.1626243,1.2447189,0.9356292,12.5948279
-45.7620554,7.245884,1.247812,0.9322106,12.6116358
-45.8173525,7.3291708,1.2509052,0.9287921,12.628354
-45.8726081,7.4124853,1.2539983,0.9253735,12.6449833
-45.9278211,7.495828,1.2570915,0.921955,12.6615242
-45.9829908,7.5791994,1.2601846,0.9185364,12.6779773
-46.0381164,7.6626,1.2632778,0.9151179,12.6943433
-46.093197,7.7460304,1.2663709,0.9116993,12.7106227
-46.1482318,7.829491,1.2694641,0.9082808,12.7268161
-46.20322,7.9129825,1.2726466,0.904788,12.7429241
-46.2581607,7.9965052,1.2762135,0.900976,12.7589473
-46.3130528,8.0800594,1.2797803,0.8971641,12.7748863
-46.3678958,8.1636459,1.2833471,0.8933521,12.7907417
-46.4226888,8.2472652,1.286914,0.8895401,12.806514
-46.4774309,8.3309179,1.2904808,0.8857282,12.8222037
-46.5321214,8.4146045,1.2940476,0.8819162,12.8378115
-46.5867593,8.4983254,1.2976145,0.8781043,12.8533378
-46.6413439,8.5820811,1.3011813,0.8742923,12.8687833
-46.6958743,8.6658723,1.3047481,0.8704803,12.8841484
-46.7503497,8.7496993,1.3084093,0.8665654,12.8994338
-46.8047691,8.8335627,1.3125469,0.86213,12.9146399
-46.8591315,8.9174624,1.3166846,0.8576945,12.9297672
-46.9134363,9.0013994,1.3208223,0.8532591,12.9448163
-46.9676826,9.0853744,1.3249599,0.8488237,12.9597877
-47.0218697,9.1693877,1.3290976,0.8443883,12.9746819
-47.0759966,9.2534398,1.3332353,0.8399528,12.9894994
-47.1300625,9.3375313,1.337373,0.8355174,13.0042407
-47.1840666,9.4216626,1.3415106,0.831082,13.0189063
-47.2380079,9.5058342,1.3456483,0.8266465,13.0334967
-47.2918857,9.5900466,1.3496804,0.8219504,13.0480123
-47.3456992,9.6743003,1.3530722,0.8156736,13.0624538
-47.3994468,9.758595,1.356464,0.8093968,13.0768215
-47.4531283,9.8429319,1.3598558,0.80312,13.0911159
-47.5067428,9.9273116,1.3632475,0.7968431,13.1053375
-47.5602894,10.0117345,1.3666393,0.7905663,13.1194867
-47.6137673,10.096201,1.3700311,0.7842895,13.1335641
-47.6671756,10.1807117,1.3734229,0.7780127,13.14757
-47.7205133,10.2652671,1.3768147,0.7717359,13.1615049
-47.7737797,10.3498675,1.3802065,0.7654591,13.1753694
-47.8269739,10.4345135,1.3834703,0.7598061,13.1891637
-47.8800949,10.5192055,1.3857778,0.7588161,13.2028885
-47.9331414,10.6039432,1.3880852,0.7578262,13.216544
-47.9861129,10.6887279,1.3903926,0.7568362,13.2301307
-48.0390086,10.77356,1.3927,0.7558463,13.2436492
-48.0918276,10.85844,1.3950074,0.7548563,13.2570997
-48.1445689,10.9433684,1.3973148,0.7538664,13.2704827
-48.1972317,11.0283457,1.3996223,0.7528764,13.2837987
-48.2498149,11.1133723,1.4019297,0.7518865,13.2970481
-48.3023177,11.1984488,1.4042371,0.7508965,13.3102312
-48.3547391,11.2835755,1.4061898,0.7501651,13.3233484
-48.4070783,11.3687529,1.4047399,0.7519142,13.3364003
-48.4593338,11.4539807,1.40329,0.7536633,13.3493871
-48.5115051,11.5392601,1.4018401,0.7554123,13.3623093
-48.5635914,11.6245917,1.4003902,0.7571614,13.3751673
-48.6155917,11.7099758,1.3989402,0.7589105,13.3879615
-48.6675049,11.7954129,1.3974903,0.7606596,13.4006922
-48.7193303,11.8809035,1.3960404,0.7624087,13.4133599
-48.7710668,11.9664479,1.3945905,0.7641577,13.4259649
-48.8227135,12.0520467,1.3931406,0.7659068,13.4385076
-48.8742695,12.1377003,1.391652,0.767506,13.4509884
-48.9257337,12.2234091,1.3896555,0.7671371,13.4634077
-48.9771049,12.309173,1.387659,0.7667683,13.4757657
-49.0283826,12.394993,1.3856625,0.7663995,13.488063
-49.0795656,12.4808695,1.3836661,0.7660306,13.5002998
-49.1306531,12.5668029,1.3816696,0.7656618,13.5124766
-49.1816441,12.6527937,1.3796731,0.765293,13.5245936
-49.2325376,12.7388422,1.3776766,0.7649242,13.5366513
-49.2833327,12.824949,1.3756801,0.7645553,13.5486499
-49.3340284,12.9111143,1.3736837,0.7641865,13.5605899
-49.3846236,12.9973386,1.3716099,0.7640125,13.5724716
-49.4351176,13.0836223,1.367977,0.7677721,13.5842953
-49.4855092,13.1699659,1.364344,0.7715317,13.5960613
-49.5357975,13.2563696,1.3607111,0.7752913,13.6077701
-49.5859815,13.342834,1.3570781,0.7790509,13.6194219
-49.6360603,13.4293594,1.3534452,0.7828105,13.6310171
-49.6860328,13.5159461,1.3498122,0.7865702,13.6425561
-49.735898,13.6025945,1.3461793,0.7903298,13.654039
-49.785655,13.6893051,1.3425463,0.7940894,13.6654663
-49.8353027,13.7760782,1.3389134,0.797849,13.6768384
-49.8848403,13.8629141,1.3352741,0.8015737,13.6881554
-49.9342666,13.9498133,1.3313747,0.8038562,13.6994178
-49.9835813,14.0367771,1.3274753,0.8061387,13.7106258
-50.0327833,14.1238046,1.3235759,0.8084211,13.7217797
-50.0818719,14.2108959,1.3196764,0.8107036,13.73288
-50.1308465,14.2980512,1.315777,0.8129861,13.7439268
-50.1797067,14.3852705,1.3118776,0.8152686,13.7549205
-50.2284518,14.472554,1.3079782,0.8175511,13.7658614
-50.2770812,14.5599018,1.3040788,0.8198335,13.7767498
-50.3255943,14.6473139,1.3001793,0.822116,13.787586
-50.3739906,14.7347904,1.2962799,0.8243985,13.7983703
